candidate_id,category,years_experience,candidate_skills,job_requirements,matched_skills_count,match_score,target_salary,success_index,demographic_group,resume_text_snippet
CAND-0001,Engineering,1.4,"{""TypeScript"": 94, ""Docker"": 65, ""JavaScript"": 97, ""AWS"": 87, ""React"": 62}","{""Node.js"": 86, ""TypeScript"": 89, ""PostgreSQL"": 70}",1,45.0,113000,47.7,Group_D,"Experienced Engineering specialist with 1.4 years working with TypeScript, Docker, JavaScript, AWS, React."
CAND-0002,Product,7.3,"{""Agile"": 77, ""Scrum"": 69, ""Product Strategy"": 73, ""Roadmapping"": 81, ""SaaS"": 66}","{""Scrum"": 81, ""Agile"": 89, ""SaaS"": 78}",3,87.8,171000,87.2,Group_A,"Experienced Product specialist with 7.3 years working with Agile, Scrum, Product Strategy, Roadmapping, SaaS."
CAND-0003,Design,2.1,"{""Wireframing"": 72, ""HTML/CSS"": 64, ""Design Systems"": 62, ""User Research"": 74, ""Prototyping"": 78}","{""Wireframing"": 82, ""UI/UX"": 78, ""Figma"": 84}",1,45.0,118000,45.6,Group_C,"Experienced Design specialist with 2.1 years working with Wireframing, HTML/CSS, Design Systems, User Research, Prototyping."
CAND-0004,Infrastructure,3.9,"{""Docker"": 70, ""CI/CD"": 89, ""Python"": 84, ""AWS"": 77, ""Prometheus"": 95}","{""AWS"": 71, ""Kubernetes"": 80, ""Docker"": 82}",2,54.5,134000,53.4,Group_C,"Experienced Infrastructure specialist with 3.9 years working with Docker, CI/CD, Python, AWS, Prometheus."
CAND-0005,Product,10.2,"{""Wireframing"": 95, ""Product Strategy"": 94, ""SaaS"": 76, ""Scrum"": 97, ""Analytics"": 87, ""User Research"": 97}","{""User Research"": 85, ""Product Strategy"": 72, ""Scrum"": 71, ""Analytics"": 73}",4,85.1,190000,81.3,Group_D,"Experienced Product specialist with 10.2 years working with Wireframing, Product Strategy, SaaS, Scrum, Analytics, User Research."
CAND-0006,Analytics,1.9,"{""Machine Learning"": 67, ""PowerBI"": 94, ""Data Modeling"": 77, ""Tableau"": 81, ""Statistics"": 67, ""SQL"": 78}","{""Python"": 86, ""PowerBI"": 75, ""SQL"": 86, ""Tableau"": 73}",3,63.7,124000,62.4,Group_B,"Experienced Analytics specialist with 1.9 years working with Machine Learning, PowerBI, Data Modeling, Tableau, Statistics, SQL."
CAND-0007,Product,6.2,"{""Agile"": 61, ""Analytics"": 67, ""SaaS"": 83, ""Roadmapping"": 79}","{""Agile"": 72, ""Product Strategy"": 72, ""Analytics"": 85}",2,63.1,154000,65.9,Group_B,"Experienced Product specialist with 6.2 years working with Agile, Analytics, SaaS, Roadmapping."
CAND-0008,Product,10.2,"{""Analytics"": 73, ""Wireframing"": 94, ""Scrum"": 72, ""Roadmapping"": 79}","{""User Research"": 73, ""Roadmapping"": 77, ""Analytics"": 77, ""Scrum"": 72}",3,69.5,184000,69.5,Group_B,"Experienced Product specialist with 10.2 years working with Analytics, Wireframing, Scrum, Roadmapping."
CAND-0009,Analytics,4.1,"{""Statistics"": 74, ""Data Modeling"": 64, ""SQL"": 62}","{""SQL"": 85, ""Machine Learning"": 76, ""Python"": 87, ""Tableau"": 74}",1,45.0,132000,48.7,Group_D,"Experienced Analytics specialist with 4.1 years working with Statistics, Data Modeling, SQL."
CAND-0010,Product,12.0,"{""Roadmapping"": 86, ""Agile"": 89, ""Scrum"": 63, ""Wireframing"": 66, ""SaaS"": 63, ""Product Strategy"": 85}","{""User Research"": 76, ""Scrum"": 87, ""Agile"": 84, ""Product Strategy"": 74, ""Analytics"": 83}",3,59.8,193000,59.8,Group_A,"Experienced Product specialist with 12.0 years working with Roadmapping, Agile, Scrum, Wireframing, SaaS, Product Strategy."
CAND-0011,Design,12.3,"{""Figma"": 60, ""HTML/CSS"": 65, ""Design Systems"": 75}","{""Prototyping"": 76, ""Wireframing"": 82, ""HTML/CSS"": 71}",1,45.0,189000,43.4,Group_D,"Experienced Design specialist with 12.3 years working with Figma, HTML/CSS, Design Systems."
CAND-0012,Infrastructure,14.0,"{""Python"": 69, ""Linux"": 72, ""AWS"": 78, ""Ansible"": 73, ""Prometheus"": 63, ""Terraform"": 97}","{""Prometheus"": 71, ""Kubernetes"": 88, ""AWS"": 85, ""CI/CD"": 86, ""Ansible"": 86}",3,62.2,208000,65.0,Group_A,"Experienced Infrastructure specialist with 14.0 years working with Python, Linux, AWS, Ansible, Prometheus, Terraform."
CAND-0013,Product,2.0,"{""Roadmapping"": 96, ""Wireframing"": 75, ""Agile"": 97}","{""Agile"": 78, ""Analytics"": 76, ""Wireframing"": 80, ""Roadmapping"": 77, ""SaaS"": 78}",3,48.6,118000,50.7,Group_C,"Experienced Product specialist with 2.0 years working with Roadmapping, Wireframing, Agile."
CAND-0014,Design,5.4,"{""Figma"": 96, ""Prototyping"": 66, ""Design Systems"": 64}","{""UI/UX"": 72, ""Design Systems"": 77, ""User Research"": 81, ""Wireframing"": 79, ""Prototyping"": 75}",2,45.0,141000,46.7,Group_C,"Experienced Design specialist with 5.4 years working with Figma, Prototyping, Design Systems."
CAND-0015,Analytics,14.8,"{""Statistics"": 66, ""Machine Learning"": 68, ""Tableau"": 76}","{""SQL"": 74, ""Statistics"": 78, ""Machine Learning"": 79}",2,72.4,218000,72.9,Group_B,"Experienced Analytics specialist with 14.8 years working with Statistics, Machine Learning, Tableau."
CAND-0016,Infrastructure,8.1,"{""Kubernetes"": 62, ""Docker"": 60, ""AWS"": 81, ""Terraform"": 68, ""CI/CD"": 76}","{""Ansible"": 70, ""Linux"": 73, ""Python"": 72}",0,45.0,160000,47.5,Group_B,"Experienced Infrastructure specialist with 8.1 years working with Kubernetes, Docker, AWS, Terraform, CI/CD."
CAND-0017,Analytics,1.5,"{""Machine Learning"": 62, ""Data Modeling"": 79, ""Python"": 83, ""PowerBI"": 62, ""SQL"": 82}","{""Statistics"": 81, ""Python"": 87, ""SQL"": 83}",2,58.4,119000,60.2,Group_B,"Experienced Analytics specialist with 1.5 years working with Machine Learning, Data Modeling, Python, PowerBI, SQL."
CAND-0018,Product,14.7,"{""Scrum"": 86, ""Agile"": 75, ""Product Strategy"": 77, ""SaaS"": 70}","{""Product Strategy"": 76, ""Roadmapping"": 84, ""Agile"": 81, ""Scrum"": 79, ""Wireframing"": 77}",3,63.8,213000,64.7,Group_D,"Experienced Product specialist with 14.7 years working with Scrum, Agile, Product Strategy, SaaS."
CAND-0019,Infrastructure,4.9,"{""Python"": 92, ""AWS"": 85, ""Ansible"": 94}","{""Kubernetes"": 88, ""Docker"": 78, ""CI/CD"": 71, ""Ansible"": 73}",1,45.0,137000,45.5,Group_C,"Experienced Infrastructure specialist with 4.9 years working with Python, AWS, Ansible."
CAND-0020,Design,9.5,"{""Prototyping"": 76, ""Design Systems"": 62, ""UI/UX"": 87}","{""Design Systems"": 81, ""Wireframing"": 83, ""UI/UX"": 72}",2,68.8,179000,70.8,Group_C,"Experienced Design specialist with 9.5 years working with Prototyping, Design Systems, UI/UX."
CAND-0021,Engineering,11.1,"{""PostgreSQL"": 78, ""Python"": 95, ""System Design"": 68, ""JavaScript"": 72, ""TypeScript"": 86}","{""System Design"": 70, ""JavaScript"": 79, ""Python"": 79, ""TypeScript"": 76, ""GraphQL"": 83}",4,78.7,194000,78.0,Group_C,"Experienced Engineering specialist with 11.1 years working with PostgreSQL, Python, System Design, JavaScript, TypeScript."
CAND-0022,Design,7.2,"{""Design Systems"": 78, ""Prototyping"": 92, ""UI/UX"": 81, ""Figma"": 65}","{""HTML/CSS"": 76, ""User Research"": 74, ""UI/UX"": 70}",1,45.0,153000,49.3,Group_A,"Experienced Design specialist with 7.2 years working with Design Systems, Prototyping, UI/UX, Figma."
CAND-0023,Design,6.8,"{""HTML/CSS"": 85, ""Wireframing"": 75, ""Prototyping"": 69, ""Design Systems"": 60}","{""Wireframing"": 75, ""Prototyping"": 86, ""UI/UX"": 84}",2,56.2,155000,55.2,Group_A,"Experienced Design specialist with 6.8 years working with HTML/CSS, Wireframing, Prototyping, Design Systems."
CAND-0024,Design,2.9,"{""HTML/CSS"": 95, ""Design Systems"": 88, ""Wireframing"": 70, ""User Research"": 90, ""UI/UX"": 88, ""Prototyping"": 76}","{""Wireframing"": 86, ""HTML/CSS"": 85, ""User Research"": 90}",3,76.3,136000,74.8,Group_C,"Experienced Design specialist with 2.9 years working with HTML/CSS, Design Systems, Wireframing, User Research, UI/UX, Prototyping."
CAND-0025,Product,4.8,"{""Product Strategy"": 69, ""Wireframing"": 73, ""Scrum"": 64, ""User Research"": 86, ""Roadmapping"": 86}","{""Wireframing"": 83, ""Roadmapping"": 82, ""Agile"": 88, ""Product Strategy"": 70}",3,67.5,146000,68.7,Group_D,"Experienced Product specialist with 4.8 years working with Product Strategy, Wireframing, Scrum, User Research, Roadmapping."
CAND-0026,Design,1.1,"{""User Research"": 74, ""Prototyping"": 77, ""HTML/CSS"": 87, ""UI/UX"": 91, ""Design Systems"": 61}","{""User Research"": 84, ""HTML/CSS"": 74, ""Prototyping"": 89, ""UI/UX"": 87}",4,71.7,121000,70.3,Group_A,"Experienced Design specialist with 1.1 years working with User Research, Prototyping, HTML/CSS, UI/UX, Design Systems."
CAND-0027,Engineering,10.0,"{""GraphQL"": 84, ""JavaScript"": 80, ""React"": 73, ""PostgreSQL"": 89}","{""AWS"": 83, ""System Design"": 78, ""Python"": 72, ""PostgreSQL"": 85}",1,45.0,173000,46.6,Group_C,"Experienced Engineering specialist with 10.0 years working with GraphQL, JavaScript, React, PostgreSQL."
CAND-0028,Product,10.1,"{""Agile"": 61, ""Product Strategy"": 69, ""Scrum"": 75}","{""Wireframing"": 88, ""User Research"": 76, ""Agile"": 84}",1,45.0,174000,48.0,Group_B,"Experienced Product specialist with 10.1 years working with Agile, Product Strategy, Scrum."
CAND-0029,Analytics,9.5,"{""Data Modeling"": 66, ""Python"": 97, ""Tableau"": 61}","{""Machine Learning"": 76, ""Statistics"": 72, ""PowerBI"": 88, ""Data Modeling"": 90}",1,45.0,170000,47.6,Group_C,"Experienced Analytics specialist with 9.5 years working with Data Modeling, Python, Tableau."
CAND-0030,Analytics,12.3,"{""Tableau"": 83, ""Machine Learning"": 64, ""PowerBI"": 92}","{""Tableau"": 83, ""SQL"": 81, ""PowerBI"": 90, ""Machine Learning"": 84, ""Statistics"": 74}",3,62.8,196000,64.2,Group_C,"Experienced Analytics specialist with 12.3 years working with Tableau, Machine Learning, PowerBI."
CAND-0031,Analytics,12.3,"{""PowerBI"": 65, ""Data Modeling"": 77, ""Machine Learning"": 88, ""Tableau"": 75, ""Python"": 89, ""SQL"": 96}","{""Statistics"": 80, ""PowerBI"": 75, ""Tableau"": 85, ""SQL"": 76, ""Python"": 81}",4,80.4,203000,78.0,Group_C,"Experienced Analytics specialist with 12.3 years working with PowerBI, Data Modeling, Machine Learning, Tableau, Python, SQL."
CAND-0032,Analytics,1.1,"{""SQL"": 95, ""Python"": 75, ""PowerBI"": 90, ""Machine Learning"": 91}","{""Data Modeling"": 77, ""SQL"": 82, ""Statistics"": 77, ""Tableau"": 79}",1,45.0,111000,45.6,Group_C,"Experienced Analytics specialist with 1.1 years working with SQL, Python, PowerBI, Machine Learning."
CAND-0033,Design,15.0,"{""User Research"": 76, ""HTML/CSS"": 74, ""Prototyping"": 67, ""Wireframing"": 72, ""UI/UX"": 80}","{""HTML/CSS"": 76, ""Design Systems"": 76, ""UI/UX"": 85}",2,69.4,218000,69.4,Group_C,"Experienced Design specialist with 15.0 years working with User Research, HTML/CSS, Prototyping, Wireframing, UI/UX."
CAND-0034,Engineering,12.7,"{""TypeScript"": 94, ""AWS"": 68, ""JavaScript"": 77, ""GraphQL"": 62, ""React"": 63}","{""Python"": 88, ""JavaScript"": 79, ""GraphQL"": 85, ""React"": 85, ""System Design"": 84}",3,62.3,199000,65.1,Group_C,"Experienced Engineering specialist with 12.7 years working with TypeScript, AWS, JavaScript, GraphQL, React."
CAND-0035,Design,2.6,"{""Prototyping"": 96, ""Wireframing"": 63, ""Figma"": 69}","{""Wireframing"": 72, ""Design Systems"": 77, ""User Research"": 73}",1,45.0,121000,45.9,Group_B,"Experienced Design specialist with 2.6 years working with Prototyping, Wireframing, Figma."
CAND-0036,Analytics,6.3,"{""Tableau"": 66, ""Machine Learning"": 73, ""PowerBI"": 73, ""Data Modeling"": 76, ""Statistics"": 65, ""SQL"": 70}","{""Python"": 75, ""Machine Learning"": 70, ""SQL"": 83}",2,59.6,153000,60.4,Group_C,"Experienced Analytics specialist with 6.3 years working with Tableau, Machine Learning, PowerBI, Data Modeling, Statistics, SQL."
CAND-0037,Engineering,4.2,"{""GraphQL"": 97, ""Node.js"": 72, ""TypeScript"": 87, ""JavaScript"": 67, ""AWS"": 94}","{""JavaScript"": 72, ""Python"": 71, ""Docker"": 75}",1,45.0,132000,47.0,Group_C,"Experienced Engineering specialist with 4.2 years working with GraphQL, Node.js, TypeScript, JavaScript, AWS."
CAND-0038,Design,2.7,"{""HTML/CSS"": 65, ""Prototyping"": 98, ""User Research"": 62, ""Wireframing"": 87, ""UI/UX"": 80}","{""User Research"": 88, ""Figma"": 88, ""HTML/CSS"": 70, ""UI/UX"": 78, ""Wireframing"": 88}",4,60.0,128000,61.7,Group_D,"Experienced Design specialist with 2.7 years working with HTML/CSS, Prototyping, User Research, Wireframing, UI/UX."
CAND-0039,Analytics,10.1,"{""Python"": 90, ""Machine Learning"": 82, ""PowerBI"": 86, ""Statistics"": 81, ""SQL"": 80}","{""SQL"": 85, ""Python"": 79, ""Tableau"": 82, ""PowerBI"": 87, ""Machine Learning"": 71}",4,74.0,185000,72.0,Group_C,"Experienced Analytics specialist with 10.1 years working with Python, Machine Learning, PowerBI, Statistics, SQL."
CAND-0040,Engineering,14.6,"{""PostgreSQL"": 93, ""React"": 83, ""GraphQL"": 91, ""TypeScript"": 88, ""Docker"": 63, ""Node.js"": 73}","{""PostgreSQL"": 85, ""JavaScript"": 73, ""Python"": 70, ""TypeScript"": 90}",2,60.6,211000,59.2,Group_B,"Experienced Engineering specialist with 14.6 years working with PostgreSQL, React, GraphQL, TypeScript, Docker, Node.js."
CAND-0041,Infrastructure,8.7,"{""Docker"": 69, ""Terraform"": 91, ""Linux"": 78, ""Kubernetes"": 92, ""Ansible"": 77, ""AWS"": 86}","{""Ansible"": 74, ""Terraform"": 82, ""Prometheus"": 76, ""Python"": 89}",2,51.7,167000,54.8,Group_A,"Experienced Infrastructure specialist with 8.7 years working with Docker, Terraform, Linux, Kubernetes, Ansible, AWS."
CAND-0042,Infrastructure,11.8,"{""AWS"": 97, ""Python"": 97, ""Linux"": 91, ""Kubernetes"": 69, ""CI/CD"": 88, ""Ansible"": 94}","{""AWS"": 82, ""Prometheus"": 84, ""Python"": 80, ""Linux"": 76}",3,78.0,199000,75.2,Group_D,"Experienced Infrastructure specialist with 11.8 years working with AWS, Python, Linux, Kubernetes, CI/CD, Ansible."
CAND-0043,Product,13.0,"{""Agile"": 69, ""SaaS"": 91, ""User Research"": 62, ""Roadmapping"": 68, ""Analytics"": 92, ""Product Strategy"": 97}","{""Product Strategy"": 86, ""Scrum"": 84, ""Roadmapping"": 70, ""Agile"": 74}",3,73.9,206000,73.9,Group_B,"Experienced Product specialist with 13.0 years working with Agile, SaaS, User Research, Roadmapping, Analytics, Product Strategy."
CAND-0044,Engineering,7.6,"{""AWS"": 94, ""System Design"": 84, ""Node.js"": 80, ""PostgreSQL"": 91, ""JavaScript"": 94}","{""Docker"": 90, ""Node.js"": 79, ""TypeScript"": 77}",1,45.0,156000,46.0,Group_A,"Experienced Engineering specialist with 7.6 years working with AWS, System Design, Node.js, PostgreSQL, JavaScript."
CAND-0045,Engineering,7.2,"{""React"": 78, ""Docker"": 82, ""AWS"": 83, ""System Design"": 87, ""PostgreSQL"": 69}","{""PostgreSQL"": 75, ""System Design"": 75, ""JavaScript"": 72}",2,62.4,160000,61.7,Group_B,"Experienced Engineering specialist with 7.2 years working with React, Docker, AWS, System Design, PostgreSQL."
CAND-0046,Design,13.8,"{""UI/UX"": 76, ""Prototyping"": 60, ""User Research"": 89, ""HTML/CSS"": 78}","{""Design Systems"": 88, ""UI/UX"": 79, ""Figma"": 90, ""Prototyping"": 83, ""HTML/CSS"": 78}",3,65.0,208000,63.6,Group_D,"Experienced Design specialist with 13.8 years working with UI/UX, Prototyping, User Research, HTML/CSS."
CAND-0047,Design,2.5,"{""Design Systems"": 61, ""User Research"": 85, ""Wireframing"": 77, ""HTML/CSS"": 60, ""Prototyping"": 96, ""UI/UX"": 63}","{""HTML/CSS"": 81, ""Prototyping"": 77, ""User Research"": 90, ""UI/UX"": 76, ""Design Systems"": 89}",5,75.8,133000,76.3,Group_B,"Experienced Design specialist with 2.5 years working with Design Systems, User Research, Wireframing, HTML/CSS, Prototyping, UI/UX."
CAND-0048,Engineering,13.6,"{""Python"": 97, ""GraphQL"": 83, ""React"": 68}","{""Python"": 75, ""AWS"": 76, ""System Design"": 74}",1,49.3,200000,52.6,Group_C,"Experienced Engineering specialist with 13.6 years working with Python, GraphQL, React."
CAND-0049,Analytics,8.0,"{""Data Modeling"": 81, ""Python"": 67, ""Tableau"": 89, ""PowerBI"": 64, ""Statistics"": 69}","{""Data Modeling"": 87, ""Statistics"": 81, ""PowerBI"": 72}",3,88.6,176000,83.6,Group_A,"Experienced Analytics specialist with 8.0 years working with Data Modeling, Python, Tableau, PowerBI, Statistics."
CAND-0050,Design,6.2,"{""Design Systems"": 74, ""Prototyping"": 90, ""User Research"": 61, ""Figma"": 95, ""Wireframing"": 80}","{""UI/UX"": 79, ""HTML/CSS"": 90, ""Figma"": 83, ""Prototyping"": 73, ""User Research"": 74}",3,50.7,149000,48.9,Group_D,"Experienced Design specialist with 6.2 years working with Design Systems, Prototyping, User Research, Figma, Wireframing."
CAND-0051,Engineering,2.4,"{""System Design"": 94, ""GraphQL"": 86, ""AWS"": 97, ""PostgreSQL"": 69}","{""Node.js"": 71, ""GraphQL"": 81, ""System Design"": 76, ""JavaScript"": 84}",2,45.0,120000,44.8,Group_C,"Experienced Engineering specialist with 2.4 years working with System Design, GraphQL, AWS, PostgreSQL."
CAND-0052,Engineering,14.7,"{""PostgreSQL"": 72, ""AWS"": 67, ""React"": 89, ""TypeScript"": 65, ""JavaScript"": 73}","{""Docker"": 77, ""React"": 74, ""PostgreSQL"": 88, ""System Design"": 76, ""JavaScript"": 72}",3,69.9,216000,69.6,Group_B,"Experienced Engineering specialist with 14.7 years working with PostgreSQL, AWS, React, TypeScript, JavaScript."
CAND-0053,Product,5.6,"{""Agile"": 94, ""SaaS"": 76, ""Product Strategy"": 71, ""User Research"": 67}","{""Agile"": 88, ""Product Strategy"": 80, ""Wireframing"": 70, ""SaaS"": 75, ""Scrum"": 78}",3,50.0,144000,52.5,Group_A,"Experienced Product specialist with 5.6 years working with Agile, SaaS, Product Strategy, User Research."
CAND-0054,Engineering,7.7,"{""PostgreSQL"": 62, ""Node.js"": 93, ""GraphQL"": 79, ""Python"": 89, ""Docker"": 61}","{""GraphQL"": 73, ""System Design"": 85, ""PostgreSQL"": 84}",2,57.7,162000,55.6,Group_B,"Experienced Engineering specialist with 7.7 years working with PostgreSQL, Node.js, GraphQL, Python, Docker."
CAND-0055,Engineering,2.8,"{""System Design"": 98, ""PostgreSQL"": 87, ""Python"": 66, ""TypeScript"": 67, ""GraphQL"": 95}","{""TypeScript"": 80, ""System Design"": 84, ""GraphQL"": 82, ""Node.js"": 83, ""Docker"": 73}",3,48.9,124000,48.9,Group_C,"Experienced Engineering specialist with 2.8 years working with System Design, PostgreSQL, Python, TypeScript, GraphQL."
CAND-0056,Infrastructure,14.4,"{""Docker"": 66, ""Prometheus"": 83, ""Linux"": 68, ""Kubernetes"": 95, ""AWS"": 63, ""Terraform"": 97}","{""Prometheus"": 81, ""AWS"": 83, ""Ansible"": 71, ""Kubernetes"": 79, ""Terraform"": 89}",4,78.3,217000,74.7,Group_B,"Experienced Infrastructure specialist with 14.4 years working with Docker, Prometheus, Linux, Kubernetes, AWS, Terraform."
CAND-0057,Product,10.2,"{""Product Strategy"": 67, ""SaaS"": 77, ""Analytics"": 96, ""Scrum"": 74}","{""Agile"": 70, ""Analytics"": 75, ""User Research"": 78, ""SaaS"": 79}",2,57.8,180000,57.3,Group_B,"Experienced Product specialist with 10.2 years working with Product Strategy, SaaS, Analytics, Scrum."
CAND-0058,Product,8.9,"{""Product Strategy"": 93, ""Wireframing"": 73, ""User Research"": 84, ""Agile"": 86, ""Analytics"": 89, ""SaaS"": 81}","{""User Research"": 80, ""SaaS"": 88, ""Wireframing"": 89}",3,82.7,180000,78.4,Group_B,"Experienced Product specialist with 8.9 years working with Product Strategy, Wireframing, User Research, Agile, Analytics, SaaS."
CAND-0059,Analytics,1.7,"{""Tableau"": 91, ""PowerBI"": 98, ""Statistics"": 88}","{""Tableau"": 81, ""Python"": 83, ""Machine Learning"": 73, ""SQL"": 79}",1,45.0,115000,47.0,Group_C,"Experienced Analytics specialist with 1.7 years working with Tableau, PowerBI, Statistics."
CAND-0060,Engineering,4.1,"{""React"": 73, ""TypeScript"": 68, ""Python"": 76}","{""AWS"": 83, ""Node.js"": 75, ""React"": 74, ""TypeScript"": 82}",2,45.8,132000,45.5,Group_C,"Experienced Engineering specialist with 4.1 years working with React, TypeScript, Python."
CAND-0061,Engineering,6.6,"{""System Design"": 64, ""React"": 80, ""GraphQL"": 96}","{""Docker"": 73, ""System Design"": 82, ""PostgreSQL"": 70, ""JavaScript"": 80}",1,45.0,149000,49.1,Group_D,"Experienced Engineering specialist with 6.6 years working with System Design, React, GraphQL."
CAND-0062,Infrastructure,2.2,"{""Terraform"": 85, ""Linux"": 93, ""Python"": 65}","{""Python"": 75, ""AWS"": 72, ""Docker"": 86, ""CI/CD"": 90}",1,45.0,118000,46.5,Group_C,"Experienced Infrastructure specialist with 2.2 years working with Terraform, Linux, Python."
CAND-0063,Infrastructure,11.2,"{""Terraform"": 72, ""Docker"": 71, ""Ansible"": 98, ""CI/CD"": 69}","{""Docker"": 84, ""CI/CD"": 88, ""Linux"": 88, ""AWS"": 84, ""Terraform"": 88}",3,63.4,189000,66.2,Group_C,"Experienced Infrastructure specialist with 11.2 years working with Terraform, Docker, Ansible, CI/CD."
CAND-0064,Infrastructure,3.1,"{""Ansible"": 79, ""Prometheus"": 77, ""AWS"": 97}","{""AWS"": 84, ""Docker"": 84, ""CI/CD"": 71}",1,45.0,125000,48.4,Group_A,"Experienced Infrastructure specialist with 3.1 years working with Ansible, Prometheus, AWS."
CAND-0065,Engineering,9.6,"{""GraphQL"": 80, ""PostgreSQL"": 98, ""React"": 90, ""TypeScript"": 92, ""Python"": 69, ""Node.js"": 63}","{""Node.js"": 90, ""AWS"": 75, ""Docker"": 71, ""Python"": 77}",2,54.9,174000,58.5,Group_B,"Experienced Engineering specialist with 9.6 years working with GraphQL, PostgreSQL, React, TypeScript, Python, Node.js."
CAND-0066,Infrastructure,6.2,"{""Linux"": 63, ""Prometheus"": 81, ""Ansible"": 64, ""CI/CD"": 81, ""Python"": 66}","{""Linux"": 74, ""Python"": 80, ""CI/CD"": 72, ""AWS"": 88, ""Ansible"": 74}",4,73.4,158000,71.4,Group_D,"Experienced Infrastructure specialist with 6.2 years working with Linux, Prometheus, Ansible, CI/CD, Python."
CAND-0067,Product,9.3,"{""Analytics"": 81, ""Wireframing"": 68, ""Roadmapping"": 93}","{""Scrum"": 70, ""Analytics"": 81, ""SaaS"": 79}",1,45.0,168000,44.7,Group_D,"Experienced Product specialist with 9.3 years working with Analytics, Wireframing, Roadmapping."
CAND-0068,Product,4.2,"{""SaaS"": 92, ""Agile"": 94, ""Wireframing"": 93, ""Scrum"": 62}","{""User Research"": 74, ""Scrum"": 75, ""Analytics"": 75, ""Product Strategy"": 89, ""Roadmapping"": 75}",1,45.0,132000,43.7,Group_C,"Experienced Product specialist with 4.2 years working with SaaS, Agile, Wireframing, Scrum."
CAND-0069,Product,14.6,"{""Wireframing"": 90, ""Product Strategy"": 72, ""Analytics"": 83, ""Scrum"": 96, ""SaaS"": 88}","{""Analytics"": 86, ""Scrum"": 83, ""Roadmapping"": 75, ""Wireframing"": 76}",3,80.0,219000,76.4,Group_C,"Experienced Product specialist with 14.6 years working with Wireframing, Product Strategy, Analytics, Scrum, SaaS."
CAND-0070,Engineering,10.0,"{""PostgreSQL"": 70, ""Node.js"": 77, ""Docker"": 88, ""JavaScript"": 92, ""React"": 69}","{""Node.js"": 70, ""TypeScript"": 83, ""GraphQL"": 71, ""JavaScript"": 82}",2,53.4,176000,52.5,Group_A,"Experienced Engineering specialist with 10.0 years working with PostgreSQL, Node.js, Docker, JavaScript, React."
CAND-0071,Infrastructure,4.1,"{""Docker"": 62, ""AWS"": 78, ""Linux"": 90, ""Prometheus"": 68, ""Ansible"": 90}","{""Kubernetes"": 76, ""Docker"": 74, ""Prometheus"": 87, ""CI/CD"": 89}",2,45.7,132000,44.7,Group_C,"Experienced Infrastructure specialist with 4.1 years working with Docker, AWS, Linux, Prometheus, Ansible."
CAND-0072,Product,5.2,"{""Roadmapping"": 89, ""Wireframing"": 64, ""User Research"": 67}","{""Agile"": 77, ""User Research"": 74, ""Analytics"": 79, ""Scrum"": 83}",1,45.0,139000,45.5,Group_D,"Experienced Product specialist with 5.2 years working with Roadmapping, Wireframing, User Research."
CAND-0073,Product,10.3,"{""User Research"": 94, ""Agile"": 92, ""Analytics"": 92}","{""Agile"": 81, ""Roadmapping"": 78, ""Scrum"": 70, ""Wireframing"": 81, ""User Research"": 72}",2,45.2,175000,48.0,Group_A,"Experienced Product specialist with 10.3 years working with User Research, Agile, Analytics."
CAND-0074,Analytics,11.3,"{""Python"": 71, ""SQL"": 89, ""Tableau"": 90, ""Machine Learning"": 71, ""PowerBI"": 68}","{""Statistics"": 79, ""PowerBI"": 76, ""SQL"": 71}",2,69.6,192000,71.3,Group_C,"Experienced Analytics specialist with 11.3 years working with Python, SQL, Tableau, Machine Learning, PowerBI."
CAND-0075,Infrastructure,8.2,"{""Python"": 82, ""Kubernetes"": 63, ""Linux"": 81, ""AWS"": 77, ""Docker"": 67, ""CI/CD"": 83}","{""Linux"": 75, ""Ansible"": 85, ""Terraform"": 85, ""CI/CD"": 81}",2,55.2,164000,55.9,Group_A,"Experienced Infrastructure specialist with 8.2 years working with Python, Kubernetes, Linux, AWS, Docker, CI/CD."
CAND-0076,Design,2.1,"{""Design Systems"": 65, ""User Research"": 80, ""HTML/CSS"": 78, ""Figma"": 79}","{""Design Systems"": 84, ""HTML/CSS"": 81, ""Prototyping"": 84, ""UI/UX"": 71}",2,45.1,118000,49.0,Group_D,"Experienced Design specialist with 2.1 years working with Design Systems, User Research, HTML/CSS, Figma."
CAND-0077,Infrastructure,10.0,"{""Docker"": 92, ""Linux"": 70, ""CI/CD"": 61}","{""Ansible"": 72, ""Kubernetes"": 77, ""Docker"": 90}",1,45.0,173000,45.7,Group_A,"Experienced Infrastructure specialist with 10.0 years working with Docker, Linux, CI/CD."
CAND-0078,Analytics,3.1,"{""Tableau"": 93, ""Data Modeling"": 83, ""PowerBI"": 85, ""SQL"": 80, ""Statistics"": 77, ""Machine Learning"": 75}","{""SQL"": 85, ""Statistics"": 86, ""Python"": 82}",2,59.9,131000,57.8,Group_C,"Experienced Analytics specialist with 3.1 years working with Tableau, Data Modeling, PowerBI, SQL, Statistics, Machine Learning."
CAND-0079,Design,4.0,"{""HTML/CSS"": 64, ""Prototyping"": 88, ""UI/UX"": 71, ""Figma"": 88, ""Wireframing"": 65}","{""Wireframing"": 87, ""User Research"": 79, ""HTML/CSS"": 79, ""Figma"": 75, ""Design Systems"": 90}",3,49.1,133000,49.3,Group_B,"Experienced Design specialist with 4.0 years working with HTML/CSS, Prototyping, UI/UX, Figma, Wireframing."
CAND-0080,Engineering,14.8,"{""TypeScript"": 95, ""GraphQL"": 96, ""React"": 83, ""JavaScript"": 89}","{""JavaScript"": 85, ""Node.js"": 86, ""PostgreSQL"": 83, ""Docker"": 83, ""TypeScript"": 88}",2,48.5,208000,52.5,Group_A,"Experienced Engineering specialist with 14.8 years working with TypeScript, GraphQL, React, JavaScript."
CAND-0081,Design,7.5,"{""UI/UX"": 87, ""Design Systems"": 92, ""HTML/CSS"": 63, ""Wireframing"": 67, ""Figma"": 93}","{""User Research"": 80, ""UI/UX"": 77, ""HTML/CSS"": 81}",2,66.1,164000,65.9,Group_C,"Experienced Design specialist with 7.5 years working with UI/UX, Design Systems, HTML/CSS, Wireframing, Figma."
CAND-0082,Engineering,4.5,"{""JavaScript"": 70, ""Python"": 97, ""Node.js"": 97, ""PostgreSQL"": 69, ""AWS"": 70}","{""Docker"": 72, ""AWS"": 71, ""React"": 90, ""System Design"": 88, ""GraphQL"": 78}",1,45.0,134000,48.0,Group_D,"Experienced Engineering specialist with 4.5 years working with JavaScript, Python, Node.js, PostgreSQL, AWS."
CAND-0083,Analytics,9.9,"{""Statistics"": 85, ""Machine Learning"": 79, ""Tableau"": 89, ""Data Modeling"": 64, ""Python"": 63, ""SQL"": 70}","{""PowerBI"": 80, ""Data Modeling"": 89, ""Statistics"": 74, ""Python"": 80}",3,74.3,184000,72.3,Group_C,"Experienced Analytics specialist with 9.9 years working with Statistics, Machine Learning, Tableau, Data Modeling, Python, SQL."
CAND-0084,Design,2.8,"{""Design Systems"": 89, ""Wireframing"": 67, ""Figma"": 77, ""User Research"": 88, ""HTML/CSS"": 75}","{""Figma"": 82, ""Wireframing"": 89, ""User Research"": 83}",3,76.2,135000,77.3,Group_B,"Experienced Design specialist with 2.8 years working with Design Systems, Wireframing, Figma, User Research, HTML/CSS."
CAND-0085,Infrastructure,14.1,"{""Terraform"": 91, ""CI/CD"": 79, ""Prometheus"": 91, ""Python"": 61, ""Linux"": 65}","{""Prometheus"": 88, ""Ansible"": 81, ""Docker"": 71, ""Linux"": 71}",2,56.6,206000,57.7,Group_D,"Experienced Infrastructure specialist with 14.1 years working with Terraform, CI/CD, Prometheus, Python, Linux."
CAND-0086,Infrastructure,8.5,"{""Linux"": 83, ""CI/CD"": 85, ""Ansible"": 83}","{""Linux"": 87, ""Kubernetes"": 76, ""Python"": 81}",1,45.0,162000,43.8,Group_D,"Experienced Infrastructure specialist with 8.5 years working with Linux, CI/CD, Ansible."
CAND-0087,Analytics,4.9,"{""Python"": 83, ""SQL"": 81, ""PowerBI"": 95}","{""Data Modeling"": 86, ""Python"": 71, ""Statistics"": 71, ""PowerBI"": 71}",2,45.0,137000,45.4,Group_D,"Experienced Analytics specialist with 4.9 years working with Python, SQL, PowerBI."
CAND-0088,Analytics,7.4,"{""Tableau"": 85, ""Machine Learning"": 79, ""Data Modeling"": 97, ""Python"": 81}","{""Data Modeling"": 88, ""Machine Learning"": 79, ""Statistics"": 85, ""PowerBI"": 70, ""Tableau"": 81}",3,55.2,159000,53.4,Group_D,"Experienced Analytics specialist with 7.4 years working with Tableau, Machine Learning, Data Modeling, Python."
CAND-0089,Analytics,5.3,"{""Machine Learning"": 97, ""PowerBI"": 96, ""Tableau"": 74}","{""SQL"": 90, ""Machine Learning"": 89, ""PowerBI"": 82, ""Python"": 74, ""Tableau"": 77}",3,49.4,142000,53.1,Group_A,"Experienced Analytics specialist with 5.3 years working with Machine Learning, PowerBI, Tableau."
CAND-0090,Product,1.3,"{""Scrum"": 92, ""Product Strategy"": 90, ""Roadmapping"": 63, ""Wireframing"": 68, ""User Research"": 93}","{""User Research"": 86, ""Wireframing"": 82, ""Roadmapping"": 80}",3,81.3,127000,79.6,Group_C,"Experienced Product specialist with 1.3 years working with Scrum, Product Strategy, Roadmapping, Wireframing, User Research."
CAND-0091,Analytics,6.0,"{""Machine Learning"": 95, ""PowerBI"": 79, ""Python"": 74, ""Data Modeling"": 79, ""Statistics"": 78}","{""Python"": 81, ""Statistics"": 87, ""PowerBI"": 78, ""Tableau"": 79, ""Data Modeling"": 73}",4,69.7,155000,69.4,Group_D,"Experienced Analytics specialist with 6.0 years working with Machine Learning, PowerBI, Python, Data Modeling, Statistics."
CAND-0092,Infrastructure,14.4,"{""Python"": 65, ""Kubernetes"": 82, ""CI/CD"": 88, ""AWS"": 76}","{""Ansible"": 87, ""Terraform"": 78, ""Docker"": 74, ""Python"": 73, ""CI/CD"": 89}",2,54.6,208000,53.7,Group_A,"Experienced Infrastructure specialist with 14.4 years working with Python, Kubernetes, CI/CD, AWS."
CAND-0093,Analytics,4.2,"{""SQL"": 90, ""Data Modeling"": 66, ""PowerBI"": 68, ""Tableau"": 60}","{""Python"": 76, ""PowerBI"": 79, ""Statistics"": 80, ""Machine Learning"": 79, ""Tableau"": 90}",2,45.0,132000,48.0,Group_B,"Experienced Analytics specialist with 4.2 years working with SQL, Data Modeling, PowerBI, Tableau."
CAND-0094,Analytics,11.3,"{""Python"": 62, ""PowerBI"": 85, ""Data Modeling"": 91}","{""Statistics"": 70, ""Tableau"": 79, ""SQL"": 88}",0,45.0,182000,49.0,Group_C,"Experienced Analytics specialist with 11.3 years working with Python, PowerBI, Data Modeling."
CAND-0095,Infrastructure,7.4,"{""CI/CD"": 70, ""Ansible"": 89, ""Prometheus"": 76, ""Docker"": 71, ""Kubernetes"": 60, ""Linux"": 81}","{""Terraform"": 82, ""CI/CD"": 83, ""Python"": 86, ""AWS"": 80}",1,45.0,155000,47.4,Group_B,"Experienced Infrastructure specialist with 7.4 years working with CI/CD, Ansible, Prometheus, Docker, Kubernetes, Linux."
CAND-0096,Product,7.7,"{""Agile"": 88, ""SaaS"": 77, ""Roadmapping"": 81, ""Product Strategy"": 79}","{""Agile"": 71, ""SaaS"": 73, ""User Research"": 84, ""Scrum"": 79, ""Product Strategy"": 75}",3,56.3,161000,56.8,Group_C,"Experienced Product specialist with 7.7 years working with Agile, SaaS, Roadmapping, Product Strategy."
CAND-0097,Engineering,9.9,"{""AWS"": 69, ""TypeScript"": 89, ""PostgreSQL"": 98, ""Node.js"": 83, ""GraphQL"": 86}","{""PostgreSQL"": 89, ""GraphQL"": 72, ""TypeScript"": 86, ""System Design"": 84, ""Node.js"": 86}",4,76.2,185000,72.6,Group_A,"Experienced Engineering specialist with 9.9 years working with AWS, TypeScript, PostgreSQL, Node.js, GraphQL."
CAND-0098,Engineering,12.6,"{""Docker"": 80, ""PostgreSQL"": 93, ""JavaScript"": 88, ""Node.js"": 67}","{""TypeScript"": 71, ""GraphQL"": 84, ""Node.js"": 74, ""Python"": 86, ""Docker"": 83}",2,49.4,193000,47.8,Group_D,"Experienced Engineering specialist with 12.6 years working with Docker, PostgreSQL, JavaScript, Node.js."
CAND-0099,Infrastructure,11.1,"{""Python"": 62, ""Kubernetes"": 87, ""AWS"": 82, ""Docker"": 64, ""Prometheus"": 94, ""Ansible"": 63}","{""Ansible"": 83, ""Kubernetes"": 75, ""CI/CD"": 74}",2,69.1,190000,71.4,Group_D,"Experienced Infrastructure specialist with 11.1 years working with Python, Kubernetes, AWS, Docker, Prometheus, Ansible."
CAND-0100,Infrastructure,14.9,"{""Ansible"": 82, ""Linux"": 67, ""Terraform"": 71, ""Kubernetes"": 94, ""Python"": 85, ""Docker"": 93}","{""Terraform"": 70, ""Kubernetes"": 79, ""Linux"": 84}",3,96.6,228000,94.1,Group_D,"Experienced Infrastructure specialist with 14.9 years working with Ansible, Linux, Terraform, Kubernetes, Python, Docker."
CAND-0101,Product,4.5,"{""SaaS"": 86, ""Wireframing"": 61, ""Product Strategy"": 75, ""Agile"": 73, ""Analytics"": 64}","{""Agile"": 71, ""Roadmapping"": 77, ""Analytics"": 71}",2,56.7,139000,55.6,Group_B,"Experienced Product specialist with 4.5 years working with SaaS, Wireframing, Product Strategy, Agile, Analytics."
CAND-0102,Engineering,3.0,"{""TypeScript"": 69, ""AWS"": 93, ""PostgreSQL"": 74, ""Node.js"": 86, ""JavaScript"": 79}","{""React"": 83, ""PostgreSQL"": 87, ""JavaScript"": 85, ""AWS"": 71}",3,66.2,132000,68.6,Group_D,"Experienced Engineering specialist with 3.0 years working with TypeScript, AWS, PostgreSQL, Node.js, JavaScript."
CAND-0103,Analytics,5.5,"{""PowerBI"": 75, ""Python"": 74, ""Tableau"": 79, ""Data Modeling"": 69, ""SQL"": 89, ""Statistics"": 63}","{""PowerBI"": 77, ""Data Modeling"": 78, ""Machine Learning"": 76, ""Python"": 80, ""Statistics"": 90}",4,64.1,149000,63.7,Group_C,"Experienced Analytics specialist with 5.5 years working with PowerBI, Python, Tableau, Data Modeling, SQL, Statistics."
CAND-0104,Engineering,8.5,"{""React"": 98, ""Python"": 98, ""System Design"": 62, ""AWS"": 64}","{""Docker"": 85, ""PostgreSQL"": 76, ""TypeScript"": 80}",0,45.0,162000,48.9,Group_B,"Experienced Engineering specialist with 8.5 years working with React, Python, System Design, AWS."
CAND-0105,Product,14.5,"{""Wireframing"": 98, ""Product Strategy"": 73, ""User Research"": 85}","{""User Research"": 82, ""Scrum"": 84, ""SaaS"": 87}",1,49.2,206000,49.1,Group_C,"Experienced Product specialist with 14.5 years working with Wireframing, Product Strategy, User Research."
CAND-0106,Analytics,13.4,"{""SQL"": 80, ""Statistics"": 86, ""PowerBI"": 62, ""Tableau"": 96, ""Data Modeling"": 74, ""Python"": 69}","{""Tableau"": 88, ""Machine Learning"": 83, ""Statistics"": 79}",2,66.1,205000,64.8,Group_D,"Experienced Analytics specialist with 13.4 years working with SQL, Statistics, PowerBI, Tableau, Data Modeling, Python."
CAND-0107,Analytics,12.7,"{""Machine Learning"": 89, ""Statistics"": 70, ""Tableau"": 82, ""Data Modeling"": 70, ""Python"": 68, ""PowerBI"": 94}","{""Python"": 72, ""Machine Learning"": 71, ""SQL"": 70, ""Statistics"": 83}",3,70.8,202000,70.9,Group_A,"Experienced Analytics specialist with 12.7 years working with Machine Learning, Statistics, Tableau, Data Modeling, Python, PowerBI."
CAND-0108,Product,1.1,"{""User Research"": 91, ""Agile"": 61, ""Analytics"": 60, ""Wireframing"": 94, ""Roadmapping"": 95, ""SaaS"": 86}","{""Agile"": 78, ""Analytics"": 87, ""User Research"": 79}",3,71.6,121000,72.8,Group_D,"Experienced Product specialist with 1.1 years working with User Research, Agile, Analytics, Wireframing, Roadmapping, SaaS."
CAND-0109,Product,2.5,"{""SaaS"": 93, ""Product Strategy"": 76, ""Scrum"": 82}","{""Scrum"": 84, ""Agile"": 88, ""SaaS"": 77, ""Roadmapping"": 77}",2,45.0,120000,48.4,Group_A,"Experienced Product specialist with 2.5 years working with SaaS, Product Strategy, Scrum."
CAND-0110,Engineering,2.3,"{""System Design"": 70, ""PostgreSQL"": 65, ""GraphQL"": 91, ""React"": 87, ""AWS"": 81, ""Docker"": 96}","{""PostgreSQL"": 76, ""React"": 88, ""TypeScript"": 85}",2,52.4,122000,55.8,Group_C,"Experienced Engineering specialist with 2.3 years working with System Design, PostgreSQL, GraphQL, React, AWS, Docker."
CAND-0111,Analytics,8.9,"{""Python"": 73, ""Tableau"": 97, ""SQL"": 69}","{""Data Modeling"": 88, ""PowerBI"": 77, ""SQL"": 88, ""Tableau"": 82, ""Machine Learning"": 87}",2,45.0,165000,47.9,Group_B,"Experienced Analytics specialist with 8.9 years working with Python, Tableau, SQL."
CAND-0112,Engineering,8.0,"{""React"": 81, ""Node.js"": 98, ""System Design"": 98, ""PostgreSQL"": 85, ""Docker"": 80}","{""Python"": 77, ""GraphQL"": 81, ""PostgreSQL"": 87}",1,45.0,159000,46.0,Group_D,"Experienced Engineering specialist with 8.0 years working with React, Node.js, System Design, PostgreSQL, Docker."
CAND-0113,Engineering,11.8,"{""TypeScript"": 84, ""Node.js"": 69, ""PostgreSQL"": 84, ""JavaScript"": 80, ""GraphQL"": 83}","{""Node.js"": 84, ""React"": 81, ""Python"": 78}",1,45.0,186000,43.9,Group_D,"Experienced Engineering specialist with 11.8 years working with TypeScript, Node.js, PostgreSQL, JavaScript, GraphQL."
CAND-0114,Design,8.8,"{""Figma"": 98, ""Wireframing"": 98, ""HTML/CSS"": 80, ""User Research"": 84, ""Prototyping"": 60, ""Design Systems"": 78}","{""Prototyping"": 88, ""Figma"": 86, ""Design Systems"": 75, ""UI/UX"": 82}",3,65.9,173000,64.2,Group_C,"Experienced Design specialist with 8.8 years working with Figma, Wireframing, HTML/CSS, User Research, Prototyping, Design Systems."
CAND-0115,Design,3.0,"{""Prototyping"": 90, ""User Research"": 64, ""Wireframing"": 83, ""HTML/CSS"": 76}","{""HTML/CSS"": 89, ""Wireframing"": 89, ""Prototyping"": 76}",3,78.6,137000,75.1,Group_A,"Experienced Design specialist with 3.0 years working with Prototyping, User Research, Wireframing, HTML/CSS."
CAND-0116,Design,5.7,"{""Wireframing"": 79, ""User Research"": 80, ""Prototyping"": 98, ""HTML/CSS"": 72, ""UI/UX"": 90, ""Figma"": 80}","{""Prototyping"": 90, ""User Research"": 85, ""HTML/CSS"": 88}",3,85.4,159000,82.5,Group_C,"Experienced Design specialist with 5.7 years working with Wireframing, User Research, Prototyping, HTML/CSS, UI/UX, Figma."
CAND-0117,Design,6.1,"{""Design Systems"": 89, ""Wireframing"": 73, ""UI/UX"": 88, ""Figma"": 78}","{""Figma"": 79, ""Prototyping"": 77, ""HTML/CSS"": 78, ""UI/UX"": 74, ""User Research"": 83}",2,45.0,146000,43.8,Group_D,"Experienced Design specialist with 6.1 years working with Design Systems, Wireframing, UI/UX, Figma."
CAND-0118,Analytics,6.6,"{""Machine Learning"": 82, ""SQL"": 70, ""Tableau"": 62, ""Statistics"": 96, ""PowerBI"": 85, ""Data Modeling"": 81}","{""SQL"": 77, ""Data Modeling"": 86, ""Statistics"": 86, ""Tableau"": 87}",4,84.6,165000,83.3,Group_D,"Experienced Analytics specialist with 6.6 years working with Machine Learning, SQL, Tableau, Statistics, PowerBI, Data Modeling."
CAND-0119,Infrastructure,6.5,"{""AWS"": 78, ""Kubernetes"": 86, ""Terraform"": 65, ""Ansible"": 67}","{""CI/CD"": 76, ""AWS"": 86, ""Prometheus"": 85, ""Linux"": 81, ""Terraform"": 85}",2,45.0,148000,47.7,Group_D,"Experienced Infrastructure specialist with 6.5 years working with AWS, Kubernetes, Terraform, Ansible."
CAND-0120,Infrastructure,1.9,"{""Docker"": 81, ""Kubernetes"": 66, ""Linux"": 70}","{""Terraform"": 87, ""CI/CD"": 83, ""Python"": 84, ""Docker"": 77, ""Ansible"": 82}",1,45.0,116000,44.5,Group_D,"Experienced Infrastructure specialist with 1.9 years working with Docker, Kubernetes, Linux."
CAND-0121,Design,1.4,"{""Prototyping"": 60, ""Design Systems"": 73, ""Wireframing"": 73, ""HTML/CSS"": 77}","{""Wireframing"": 75, ""Figma"": 81, ""Design Systems"": 80, ""HTML/CSS"": 76, ""User Research"": 84}",3,45.0,113000,47.4,Group_D,"Experienced Design specialist with 1.4 years working with Prototyping, Design Systems, Wireframing, HTML/CSS."
CAND-0122,Analytics,14.5,"{""Machine Learning"": 67, ""PowerBI"": 82, ""Data Modeling"": 82, ""Statistics"": 89, ""Tableau"": 71}","{""Statistics"": 74, ""Tableau"": 80, ""Machine Learning"": 73, ""SQL"": 77, ""Data Modeling"": 79}",4,76.5,217000,74.6,Group_B,"Experienced Analytics specialist with 14.5 years working with Machine Learning, PowerBI, Data Modeling, Statistics, Tableau."
CAND-0123,Analytics,6.4,"{""Machine Learning"": 91, ""PowerBI"": 94, ""Statistics"": 71, ""Python"": 95}","{""PowerBI"": 75, ""Tableau"": 80, ""Python"": 84}",2,61.4,154000,63.7,Group_A,"Experienced Analytics specialist with 6.4 years working with Machine Learning, PowerBI, Statistics, Python."
CAND-0124,Design,2.9,"{""Design Systems"": 86, ""Wireframing"": 88, ""Prototyping"": 91, ""HTML/CSS"": 70, ""User Research"": 65, ""UI/UX"": 96}","{""Wireframing"": 71, ""UI/UX"": 78, ""User Research"": 77}",3,79.2,137000,75.9,Group_D,"Experienced Design specialist with 2.9 years working with Design Systems, Wireframing, Prototyping, HTML/CSS, User Research, UI/UX."
CAND-0125,Analytics,11.4,"{""Machine Learning"": 94, ""Data Modeling"": 62, ""SQL"": 88, ""Statistics"": 94, ""Python"": 73, ""Tableau"": 87}","{""Statistics"": 79, ""Data Modeling"": 71, ""Python"": 84}",3,87.8,200000,87.9,Group_A,"Experienced Analytics specialist with 11.4 years working with Machine Learning, Data Modeling, SQL, Statistics, Python, Tableau."
CAND-0126,Design,13.1,"{""Wireframing"": 97, ""UI/UX"": 82, ""HTML/CSS"": 87}","{""Design Systems"": 76, ""UI/UX"": 71, ""HTML/CSS"": 88}",2,67.6,204000,65.9,Group_B,"Experienced Design specialist with 13.1 years working with Wireframing, UI/UX, HTML/CSS."
CAND-0127,Infrastructure,14.7,"{""Python"": 68, ""Prometheus"": 86, ""Linux"": 63, ""Ansible"": 77, ""Kubernetes"": 68}","{""CI/CD"": 77, ""Terraform"": 82, ""Docker"": 85, ""AWS"": 74, ""Prometheus"": 88}",1,45.0,206000,47.2,Group_D,"Experienced Infrastructure specialist with 14.7 years working with Python, Prometheus, Linux, Ansible, Kubernetes."
CAND-0128,Design,2.1,"{""Prototyping"": 83, ""Design Systems"": 89, ""User Research"": 91}","{""Design Systems"": 90, ""Figma"": 81, ""HTML/CSS"": 72, ""Prototyping"": 87}",2,45.0,118000,49.2,Group_B,"Experienced Design specialist with 2.1 years working with Prototyping, Design Systems, User Research."
CAND-0129,Design,4.8,"{""User Research"": 91, ""Design Systems"": 81, ""HTML/CSS"": 63, ""UI/UX"": 62, ""Wireframing"": 66}","{""Wireframing"": 84, ""Prototyping"": 84, ""Figma"": 70, ""Design Systems"": 83, ""HTML/CSS"": 76}",3,58.4,142000,61.2,Group_C,"Experienced Design specialist with 4.8 years working with User Research, Design Systems, HTML/CSS, UI/UX, Wireframing."
CAND-0130,Product,13.2,"{""Product Strategy"": 83, ""User Research"": 70, ""SaaS"": 63, ""Scrum"": 85, ""Agile"": 79}","{""Roadmapping"": 70, ""Wireframing"": 76, ""User Research"": 85, ""Agile"": 72, ""Analytics"": 74}",2,51.5,198000,52.5,Group_D,"Experienced Product specialist with 13.2 years working with Product Strategy, User Research, SaaS, Scrum, Agile."
CAND-0131,Engineering,1.1,"{""Node.js"": 74, ""System Design"": 84, ""JavaScript"": 65, ""TypeScript"": 66, ""React"": 66}","{""AWS"": 74, ""Python"": 90, ""JavaScript"": 74, ""TypeScript"": 72}",2,45.0,111000,43.5,Group_B,"Experienced Engineering specialist with 1.1 years working with Node.js, System Design, JavaScript, TypeScript, React."
CAND-0132,Design,5.9,"{""HTML/CSS"": 88, ""Wireframing"": 73, ""UI/UX"": 65, ""Prototyping"": 66}","{""Wireframing"": 82, ""Figma"": 81, ""Design Systems"": 83}",1,45.0,144000,44.2,Group_C,"Experienced Design specialist with 5.9 years working with HTML/CSS, Wireframing, UI/UX, Prototyping."
CAND-0133,Engineering,4.5,"{""React"": 92, ""Python"": 72, ""TypeScript"": 85, ""PostgreSQL"": 78, ""System Design"": 63}","{""GraphQL"": 77, ""System Design"": 85, ""Node.js"": 90}",1,45.0,134000,46.6,Group_A,"Experienced Engineering specialist with 4.5 years working with React, Python, TypeScript, PostgreSQL, System Design."
CAND-0134,Infrastructure,14.1,"{""Linux"": 71, ""Prometheus"": 90, ""CI/CD"": 64, ""Python"": 61}","{""Docker"": 71, ""Kubernetes"": 82, ""CI/CD"": 86, ""Prometheus"": 79, ""Ansible"": 90}",2,53.9,205000,56.2,Group_D,"Experienced Infrastructure specialist with 14.1 years working with Linux, Prometheus, CI/CD, Python."
CAND-0135,Design,2.2,"{""User Research"": 92, ""Figma"": 73, ""Wireframing"": 69, ""HTML/CSS"": 94}","{""Prototyping"": 83, ""Design Systems"": 77, ""Figma"": 71, ""User Research"": 77}",2,45.0,118000,46.0,Group_D,"Experienced Design specialist with 2.2 years working with User Research, Figma, Wireframing, HTML/CSS."
CAND-0136,Analytics,9.5,"{""Statistics"": 68, ""Data Modeling"": 60, ""Python"": 70, ""SQL"": 91, ""PowerBI"": 82}","{""Machine Learning"": 74, ""Statistics"": 78, ""Tableau"": 73, ""Python"": 70, ""PowerBI"": 80}",3,62.7,177000,61.3,Group_A,"Experienced Analytics specialist with 9.5 years working with Statistics, Data Modeling, Python, SQL, PowerBI."
CAND-0137,Infrastructure,11.0,"{""Ansible"": 83, ""Prometheus"": 63, ""Python"": 91}","{""CI/CD"": 88, ""AWS"": 73, ""Docker"": 77, ""Prometheus"": 86, ""Kubernetes"": 70}",1,45.0,180000,48.6,Group_B,"Experienced Infrastructure specialist with 11.0 years working with Ansible, Prometheus, Python."
CAND-0138,Engineering,7.6,"{""JavaScript"": 74, ""Docker"": 80, ""React"": 75, ""Python"": 86, ""AWS"": 80, ""TypeScript"": 77}","{""Docker"": 86, ""AWS"": 71, ""Node.js"": 75}",2,59.0,162000,59.4,Group_A,"Experienced Engineering specialist with 7.6 years working with JavaScript, Docker, React, Python, AWS, TypeScript."
CAND-0139,Design,2.0,"{""Wireframing"": 60, ""User Research"": 83, ""HTML/CSS"": 72, ""Design Systems"": 78, ""Figma"": 96, ""UI/UX"": 79}","{""Design Systems"": 85, ""UI/UX"": 76, ""Prototyping"": 87, ""User Research"": 77, ""Wireframing"": 74}",4,58.7,122000,58.5,Group_B,"Experienced Design specialist with 2.0 years working with Wireframing, User Research, HTML/CSS, Design Systems, Figma, UI/UX."
CAND-0140,Analytics,5.8,"{""Tableau"": 79, ""SQL"": 66, ""PowerBI"": 73}","{""Python"": 78, ""PowerBI"": 72, ""Statistics"": 71, ""SQL"": 77, ""Machine Learning"": 86}",2,45.0,144000,48.8,Group_D,"Experienced Analytics specialist with 5.8 years working with Tableau, SQL, PowerBI."
CAND-0141,Engineering,9.1,"{""System Design"": 68, ""Node.js"": 75, ""React"": 78, ""TypeScript"": 76}","{""System Design"": 78, ""AWS"": 77, ""PostgreSQL"": 72, ""TypeScript"": 76}",2,48.5,168000,51.2,Group_A,"Experienced Engineering specialist with 9.1 years working with System Design, Node.js, React, TypeScript."
CAND-0142,Product,2.5,"{""Wireframing"": 88, ""SaaS"": 79, ""Roadmapping"": 89, ""Agile"": 76, ""Scrum"": 67, ""Analytics"": 65}","{""Analytics"": 89, ""Scrum"": 71, ""User Research"": 76}",2,58.4,126000,57.7,Group_A,"Experienced Product specialist with 2.5 years working with Wireframing, SaaS, Roadmapping, Agile, Scrum, Analytics."
CAND-0143,Product,14.6,"{""Agile"": 85, ""User Research"": 88, ""SaaS"": 95, ""Scrum"": 95, ""Product Strategy"": 75, ""Wireframing"": 66}","{""Product Strategy"": 70, ""Scrum"": 71, ""Wireframing"": 77, ""Agile"": 74}",4,91.4,224000,88.5,Group_A,"Experienced Product specialist with 14.6 years working with Agile, User Research, SaaS, Scrum, Product Strategy, Wireframing."
CAND-0144,Analytics,9.2,"{""SQL"": 88, ""Data Modeling"": 68, ""Python"": 65}","{""SQL"": 75, ""Data Modeling"": 88, ""PowerBI"": 83, ""Statistics"": 82}",2,52.2,170000,52.3,Group_D,"Experienced Analytics specialist with 9.2 years working with SQL, Data Modeling, Python."
CAND-0145,Product,6.0,"{""Analytics"": 62, ""SaaS"": 75, ""Roadmapping"": 78, ""Product Strategy"": 91}","{""Wireframing"": 82, ""Agile"": 74, ""Scrum"": 83, ""SaaS"": 76}",1,45.0,145000,48.2,Group_B,"Experienced Product specialist with 6.0 years working with Analytics, SaaS, Roadmapping, Product Strategy."
CAND-0146,Analytics,12.1,"{""Data Modeling"": 82, ""Statistics"": 96, ""Tableau"": 92, ""PowerBI"": 80, ""Machine Learning"": 84, ""Python"": 77}","{""SQL"": 77, ""Tableau"": 70, ""Machine Learning"": 78}",2,63.4,195000,66.3,Group_C,"Experienced Analytics specialist with 12.1 years working with Data Modeling, Statistics, Tableau, PowerBI, Machine Learning, Python."
CAND-0147,Analytics,15.0,"{""SQL"": 94, ""Python"": 63, ""Statistics"": 74, ""Tableau"": 96}","{""Tableau"": 88, ""Python"": 80, ""Statistics"": 81, ""Machine Learning"": 88}",3,72.8,219000,73.2,Group_B,"Experienced Analytics specialist with 15.0 years working with SQL, Python, Statistics, Tableau."
CAND-0148,Analytics,14.3,"{""Machine Learning"": 63, ""Tableau"": 74, ""Python"": 98, ""PowerBI"": 74, ""SQL"": 61, ""Statistics"": 93}","{""SQL"": 74, ""Tableau"": 80, ""Machine Learning"": 75, ""Python"": 80}",4,89.7,221000,85.4,Group_B,"Experienced Analytics specialist with 14.3 years working with Machine Learning, Tableau, Python, PowerBI, SQL, Statistics."
CAND-0149,Engineering,12.9,"{""Node.js"": 81, ""AWS"": 79, ""System Design"": 80, ""Python"": 68, ""React"": 70}","{""System Design"": 87, ""GraphQL"": 89, ""AWS"": 81, ""Node.js"": 77, ""PostgreSQL"": 88}",3,67.3,202000,66.2,Group_C,"Experienced Engineering specialist with 12.9 years working with Node.js, AWS, System Design, Python, React."
CAND-0150,Product,3.5,"{""Scrum"": 62, ""Wireframing"": 71, ""Analytics"": 98}","{""Roadmapping"": 85, ""User Research"": 74, ""Analytics"": 80, ""Agile"": 72}",1,45.0,128000,49.3,Group_B,"Experienced Product specialist with 3.5 years working with Scrum, Wireframing, Analytics."
CAND-0151,Engineering,12.5,"{""GraphQL"": 64, ""React"": 82, ""Python"": 76, ""Node.js"": 66, ""System Design"": 60}","{""System Design"": 75, ""GraphQL"": 83, ""Docker"": 85}",2,72.2,201000,70.5,Group_D,"Experienced Engineering specialist with 12.5 years working with GraphQL, React, Python, Node.js, System Design."
CAND-0152,Engineering,12.6,"{""JavaScript"": 62, ""GraphQL"": 78, ""Node.js"": 61, ""System Design"": 80}","{""Node.js"": 82, ""Docker"": 75, ""AWS"": 72, ""PostgreSQL"": 87}",1,45.0,191000,49.3,Group_C,"Experienced Engineering specialist with 12.6 years working with JavaScript, GraphQL, Node.js, System Design."
CAND-0153,Analytics,14.8,"{""Statistics"": 70, ""SQL"": 63, ""PowerBI"": 66, ""Python"": 81, ""Tableau"": 73, ""Machine Learning"": 72}","{""Statistics"": 79, ""Machine Learning"": 79, ""Data Modeling"": 77, ""Tableau"": 73}",3,72.7,218000,72.3,Group_D,"Experienced Analytics specialist with 14.8 years working with Statistics, SQL, PowerBI, Python, Tableau, Machine Learning."
CAND-0154,Product,1.8,"{""Scrum"": 98, ""Agile"": 90, ""SaaS"": 72}","{""Agile"": 90, ""Product Strategy"": 79, ""Scrum"": 72}",2,53.8,119000,52.2,Group_D,"Experienced Product specialist with 1.8 years working with Scrum, Agile, SaaS."
CAND-0155,Design,7.8,"{""Figma"": 83, ""HTML/CSS"": 84, ""Design Systems"": 83, ""Prototyping"": 71, ""Wireframing"": 88}","{""User Research"": 78, ""Prototyping"": 77, ""HTML/CSS"": 78}",2,62.7,165000,60.6,Group_A,"Experienced Design specialist with 7.8 years working with Figma, HTML/CSS, Design Systems, Prototyping, Wireframing."
CAND-0156,Engineering,10.4,"{""Docker"": 86, ""TypeScript"": 94, ""React"": 90, ""System Design"": 96, ""PostgreSQL"": 75, ""Python"": 90}","{""Node.js"": 88, ""System Design"": 86, ""React"": 88, ""Python"": 89}",3,67.8,185000,70.1,Group_D,"Experienced Engineering specialist with 10.4 years working with Docker, TypeScript, React, System Design, PostgreSQL, Python."
CAND-0157,Product,14.3,"{""Roadmapping"": 62, ""Scrum"": 87, ""Product Strategy"": 65, ""User Research"": 87}","{""SaaS"": 78, ""Scrum"": 80, ""Analytics"": 72}",1,45.0,203000,46.7,Group_C,"Experienced Product specialist with 14.3 years working with Roadmapping, Scrum, Product Strategy, User Research."
CAND-0158,Infrastructure,8.3,"{""Prometheus"": 86, ""Linux"": 69, ""Kubernetes"": 69}","{""Docker"": 87, ""Prometheus"": 81, ""Python"": 83, ""Kubernetes"": 78, ""CI/CD"": 82}",2,45.6,161000,47.4,Group_D,"Experienced Infrastructure specialist with 8.3 years working with Prometheus, Linux, Kubernetes."
CAND-0159,Engineering,3.4,"{""JavaScript"": 63, ""System Design"": 90, ""React"": 77, ""TypeScript"": 83, ""Docker"": 61, ""Node.js"": 81}","{""Python"": 73, ""Docker"": 77, ""GraphQL"": 74, ""System Design"": 79}",2,49.3,129000,50.0,Group_C,"Experienced Engineering specialist with 3.4 years working with JavaScript, System Design, React, TypeScript, Docker, Node.js."
CAND-0160,Infrastructure,11.2,"{""Terraform"": 86, ""Ansible"": 91, ""Docker"": 93}","{""Kubernetes"": 86, ""CI/CD"": 82, ""Prometheus"": 74, ""Ansible"": 86}",1,45.0,181000,43.6,Group_B,"Experienced Infrastructure specialist with 11.2 years working with Terraform, Ansible, Docker."
CAND-0161,Product,12.7,"{""Agile"": 72, ""Roadmapping"": 77, ""Wireframing"": 83, ""SaaS"": 89}","{""Scrum"": 81, ""User Research"": 85, ""Agile"": 89, ""Wireframing"": 84, ""Product Strategy"": 75}",2,54.5,196000,55.0,Group_C,"Experienced Product specialist with 12.7 years working with Agile, Roadmapping, Wireframing, SaaS."
CAND-0162,Infrastructure,3.3,"{""Docker"": 70, ""Python"": 96, ""Kubernetes"": 73, ""Terraform"": 74, ""Linux"": 74}","{""Terraform"": 70, ""Python"": 70, ""AWS"": 85, ""Prometheus"": 74, ""Ansible"": 90}",2,45.0,126000,48.2,Group_B,"Experienced Infrastructure specialist with 3.3 years working with Docker, Python, Kubernetes, Terraform, Linux."
CAND-0163,Infrastructure,9.5,"{""Python"": 76, ""Linux"": 73, ""Terraform"": 89, ""CI/CD"": 79, ""Ansible"": 93}","{""Linux"": 87, ""Docker"": 90, ""Kubernetes"": 89, ""Python"": 89, ""CI/CD"": 79}",3,57.7,175000,55.7,Group_A,"Experienced Infrastructure specialist with 9.5 years working with Python, Linux, Terraform, CI/CD, Ansible."
CAND-0164,Infrastructure,14.8,"{""Python"": 72, ""Prometheus"": 69, ""AWS"": 93, ""Linux"": 75, ""CI/CD"": 63}","{""Linux"": 90, ""AWS"": 85, ""Ansible"": 79, ""Docker"": 78, ""Kubernetes"": 83}",2,51.8,209000,54.1,Group_B,"Experienced Infrastructure specialist with 14.8 years working with Python, Prometheus, AWS, Linux, CI/CD."
CAND-0165,Infrastructure,11.2,"{""Prometheus"": 92, ""Ansible"": 79, ""AWS"": 70, ""CI/CD"": 95}","{""Python"": 74, ""Docker"": 78, ""Terraform"": 87}",0,45.0,181000,44.5,Group_C,"Experienced Infrastructure specialist with 11.2 years working with Prometheus, Ansible, AWS, CI/CD."
CAND-0166,Engineering,4.1,"{""Python"": 76, ""System Design"": 97, ""AWS"": 78, ""JavaScript"": 89}","{""GraphQL"": 85, ""React"": 76, ""Node.js"": 86}",0,45.0,132000,47.5,Group_C,"Experienced Engineering specialist with 4.1 years working with Python, System Design, AWS, JavaScript."
CAND-0167,Design,1.8,"{""UI/UX"": 96, ""Wireframing"": 89, ""User Research"": 69, ""Prototyping"": 80}","{""UI/UX"": 75, ""Figma"": 80, ""Prototyping"": 90, ""User Research"": 71, ""Design Systems"": 70}",3,48.9,117000,48.2,Group_B,"Experienced Design specialist with 1.8 years working with UI/UX, Wireframing, User Research, Prototyping."
CAND-0168,Analytics,11.7,"{""Data Modeling"": 85, ""SQL"": 87, ""Python"": 90, ""PowerBI"": 84, ""Tableau"": 60, ""Machine Learning"": 62}","{""Python"": 86, ""Statistics"": 76, ""Tableau"": 70, ""SQL"": 70, ""Data Modeling"": 90}",4,78.9,198000,75.9,Group_C,"Experienced Analytics specialist with 11.7 years working with Data Modeling, SQL, Python, PowerBI, Tableau, Machine Learning."
CAND-0169,Infrastructure,2.8,"{""Prometheus"": 78, ""Python"": 89, ""Docker"": 93, ""Kubernetes"": 98, ""AWS"": 93, ""CI/CD"": 81}","{""CI/CD"": 76, ""AWS"": 75, ""Terraform"": 82, ""Prometheus"": 70}",3,58.5,128000,60.2,Group_B,"Experienced Infrastructure specialist with 2.8 years working with Prometheus, Python, Docker, Kubernetes, AWS, CI/CD."
CAND-0170,Product,11.3,"{""Product Strategy"": 84, ""SaaS"": 76, ""User Research"": 94, ""Agile"": 63}","{""Agile"": 73, ""User Research"": 83, ""Wireframing"": 84, ""Scrum"": 82, ""Analytics"": 73}",2,48.5,184000,49.5,Group_B,"Experienced Product specialist with 11.3 years working with Product Strategy, SaaS, User Research, Agile."
CAND-0171,Product,10.7,"{""Analytics"": 66, ""Roadmapping"": 93, ""User Research"": 77}","{""SaaS"": 79, ""Roadmapping"": 73, ""Agile"": 73, ""Analytics"": 85, ""User Research"": 76}",3,62.4,185000,64.1,Group_B,"Experienced Product specialist with 10.7 years working with Analytics, Roadmapping, User Research."
CAND-0172,Infrastructure,10.8,"{""CI/CD"": 90, ""Kubernetes"": 81, ""Python"": 75, ""Terraform"": 60, ""Docker"": 60}","{""Docker"": 74, ""Prometheus"": 72, ""Linux"": 86, ""Python"": 72, ""Terraform"": 73}",3,65.4,187000,66.0,Group_D,"Experienced Infrastructure specialist with 10.8 years working with CI/CD, Kubernetes, Python, Terraform, Docker."
CAND-0173,Infrastructure,4.7,"{""Docker"": 62, ""CI/CD"": 78, ""Linux"": 83}","{""AWS"": 71, ""Linux"": 70, ""Prometheus"": 74, ""Kubernetes"": 90, ""Ansible"": 75}",1,45.0,136000,48.8,Group_C,"Experienced Infrastructure specialist with 4.7 years working with Docker, CI/CD, Linux."
CAND-0174,Engineering,6.2,"{""JavaScript"": 77, ""Node.js"": 84, ""System Design"": 90, ""TypeScript"": 86, ""GraphQL"": 70}","{""JavaScript"": 73, ""React"": 83, ""Docker"": 88}",1,45.0,146000,46.8,Group_D,"Experienced Engineering specialist with 6.2 years working with JavaScript, Node.js, System Design, TypeScript, GraphQL."
CAND-0175,Product,9.6,"{""Agile"": 91, ""Scrum"": 67, ""User Research"": 86, ""Product Strategy"": 88, ""Roadmapping"": 62}","{""Analytics"": 70, ""User Research"": 86, ""SaaS"": 88}",1,45.0,170000,44.7,Group_C,"Experienced Product specialist with 9.6 years working with Agile, Scrum, User Research, Product Strategy, Roadmapping."
CAND-0176,Analytics,8.3,"{""PowerBI"": 90, ""Statistics"": 82, ""Python"": 84}","{""Data Modeling"": 71, ""Machine Learning"": 70, ""Statistics"": 90}",1,45.0,161000,46.4,Group_D,"Experienced Analytics specialist with 8.3 years working with PowerBI, Statistics, Python."
CAND-0177,Design,13.2,"{""Wireframing"": 75, ""Prototyping"": 81, ""User Research"": 77}","{""Design Systems"": 90, ""UI/UX"": 82, ""Wireframing"": 82}",1,49.1,197000,47.6,Group_D,"Experienced Design specialist with 13.2 years working with Wireframing, Prototyping, User Research."
CAND-0178,Analytics,7.3,"{""PowerBI"": 66, ""Tableau"": 85, ""SQL"": 86, ""Data Modeling"": 62, ""Statistics"": 95, ""Machine Learning"": 95}","{""Data Modeling"": 89, ""SQL"": 90, ""Machine Learning"": 79}",3,88.6,172000,86.9,Group_D,"Experienced Analytics specialist with 7.3 years working with PowerBI, Tableau, SQL, Data Modeling, Statistics, Machine Learning."
CAND-0179,Infrastructure,6.1,"{""Terraform"": 95, ""Ansible"": 98, ""CI/CD"": 90}","{""AWS"": 70, ""Ansible"": 80, ""Kubernetes"": 81, ""Linux"": 90, ""Docker"": 79}",1,45.0,146000,45.6,Group_A,"Experienced Infrastructure specialist with 6.1 years working with Terraform, Ansible, CI/CD."
CAND-0180,Engineering,13.6,"{""JavaScript"": 72, ""System Design"": 67, ""Node.js"": 85, ""Docker"": 73, ""Python"": 89, ""GraphQL"": 72}","{""AWS"": 88, ""Node.js"": 73, ""System Design"": 84, ""React"": 84, ""Docker"": 88}",3,69.7,208000,66.9,Group_D,"Experienced Engineering specialist with 13.6 years working with JavaScript, System Design, Node.js, Docker, Python, GraphQL."
CAND-0181,Engineering,8.4,"{""PostgreSQL"": 92, ""System Design"": 71, ""GraphQL"": 97}","{""JavaScript"": 89, ""Node.js"": 89, ""System Design"": 80}",1,45.0,162000,45.7,Group_B,"Experienced Engineering specialist with 8.4 years working with PostgreSQL, System Design, GraphQL."
CAND-0182,Infrastructure,6.6,"{""Python"": 86, ""Ansible"": 98, ""Linux"": 92, ""Docker"": 79, ""AWS"": 95}","{""Prometheus"": 89, ""Terraform"": 79, ""Docker"": 81, ""Linux"": 74}",2,53.6,153000,55.2,Group_B,"Experienced Infrastructure specialist with 6.6 years working with Python, Ansible, Linux, Docker, AWS."
CAND-0183,Analytics,8.6,"{""Statistics"": 96, ""SQL"": 86, ""Tableau"": 94, ""PowerBI"": 78, ""Machine Learning"": 87}","{""Machine Learning"": 82, ""SQL"": 74, ""Statistics"": 71}",3,88.2,180000,84.3,Group_B,"Experienced Analytics specialist with 8.6 years working with Statistics, SQL, Tableau, PowerBI, Machine Learning."
CAND-0184,Infrastructure,10.6,"{""Kubernetes"": 62, ""Python"": 82, ""Docker"": 88, ""Ansible"": 66}","{""Prometheus"": 82, ""Terraform"": 77, ""AWS"": 86, ""Linux"": 79, ""Python"": 71}",1,45.0,177000,45.7,Group_C,"Experienced Infrastructure specialist with 10.6 years working with Kubernetes, Python, Docker, Ansible."
CAND-0185,Analytics,1.8,"{""Python"": 83, ""Machine Learning"": 97, ""PowerBI"": 94, ""Data Modeling"": 98, ""Tableau"": 72}","{""Python"": 72, ""Tableau"": 75, ""PowerBI"": 75, ""Data Modeling"": 86, ""Statistics"": 73}",4,62.2,122000,61.8,Group_C,"Experienced Analytics specialist with 1.8 years working with Python, Machine Learning, PowerBI, Data Modeling, Tableau."
CAND-0186,Product,3.3,"{""Agile"": 69, ""SaaS"": 80, ""Roadmapping"": 98, ""Product Strategy"": 63, ""Wireframing"": 79}","{""User Research"": 86, ""Agile"": 77, ""Wireframing"": 75, ""SaaS"": 86}",3,57.6,131000,58.0,Group_D,"Experienced Product specialist with 3.3 years working with Agile, SaaS, Roadmapping, Product Strategy, Wireframing."
CAND-0187,Analytics,8.5,"{""Tableau"": 81, ""Python"": 81, ""Statistics"": 83}","{""Python"": 87, ""Machine Learning"": 90, ""Statistics"": 70, ""PowerBI"": 73}",2,53.0,166000,53.4,Group_B,"Experienced Analytics specialist with 8.5 years working with Tableau, Python, Statistics."
CAND-0188,Engineering,10.6,"{""System Design"": 78, ""Node.js"": 61, ""Docker"": 93, ""JavaScript"": 83, ""Python"": 92}","{""GraphQL"": 76, ""Docker"": 80, ""React"": 86, ""JavaScript"": 72, ""AWS"": 73}",2,45.0,177000,49.1,Group_A,"Experienced Engineering specialist with 10.6 years working with System Design, Node.js, Docker, JavaScript, Python."
CAND-0189,Engineering,4.0,"{""System Design"": 87, ""Node.js"": 64, ""TypeScript"": 69, ""Python"": 61}","{""AWS"": 71, ""React"": 75, ""Node.js"": 78, ""PostgreSQL"": 87}",1,45.0,131000,48.3,Group_C,"Experienced Engineering specialist with 4.0 years working with System Design, Node.js, TypeScript, Python."
CAND-0190,Design,6.4,"{""Prototyping"": 94, ""User Research"": 60, ""Figma"": 64, ""Wireframing"": 97, ""HTML/CSS"": 62, ""Design Systems"": 64}","{""Design Systems"": 89, ""Figma"": 72, ""User Research"": 79, ""Wireframing"": 84}",4,82.3,163000,82.6,Group_A,"Experienced Design specialist with 6.4 years working with Prototyping, User Research, Figma, Wireframing, HTML/CSS, Design Systems."
CAND-0191,Design,3.2,"{""UI/UX"": 69, ""HTML/CSS"": 79, ""Prototyping"": 83, ""User Research"": 60}","{""Wireframing"": 70, ""Design Systems"": 88, ""UI/UX"": 89, ""Figma"": 82, ""Prototyping"": 87}",2,45.0,125000,43.9,Group_B,"Experienced Design specialist with 3.2 years working with UI/UX, HTML/CSS, Prototyping, User Research."
CAND-0192,Infrastructure,4.0,"{""CI/CD"": 76, ""Prometheus"": 72, ""Docker"": 67, ""Python"": 71}","{""Kubernetes"": 79, ""Ansible"": 72, ""AWS"": 78, ""Python"": 73, ""Prometheus"": 76}",2,45.0,131000,46.3,Group_C,"Experienced Infrastructure specialist with 4.0 years working with CI/CD, Prometheus, Docker, Python."
CAND-0193,Infrastructure,2.8,"{""Docker"": 72, ""Python"": 80, ""Ansible"": 91, ""Kubernetes"": 88}","{""Python"": 81, ""CI/CD"": 80, ""Prometheus"": 83, ""Linux"": 75}",1,45.0,123000,44.9,Group_B,"Experienced Infrastructure specialist with 2.8 years working with Docker, Python, Ansible, Kubernetes."
CAND-0194,Design,4.9,"{""UI/UX"": 88, ""HTML/CSS"": 82, ""User Research"": 79, ""Prototyping"": 91, ""Wireframing"": 95}","{""UI/UX"": 72, ""HTML/CSS"": 78, ""Design Systems"": 74}",2,62.1,144000,60.3,Group_A,"Experienced Design specialist with 4.9 years working with UI/UX, HTML/CSS, User Research, Prototyping, Wireframing."
CAND-0195,Engineering,13.5,"{""Docker"": 62, ""System Design"": 95, ""TypeScript"": 76}","{""PostgreSQL"": 77, ""GraphQL"": 88, ""JavaScript"": 79, ""Docker"": 74, ""TypeScript"": 84}",2,51.0,200000,49.5,Group_C,"Experienced Engineering specialist with 13.5 years working with Docker, System Design, TypeScript."
CAND-0196,Analytics,1.1,"{""Data Modeling"": 88, ""Machine Learning"": 70, ""Python"": 71, ""Statistics"": 96}","{""Statistics"": 77, ""Python"": 85, ""PowerBI"": 77, ""Tableau"": 72, ""SQL"": 78}",2,45.0,111000,43.7,Group_B,"Experienced Analytics specialist with 1.1 years working with Data Modeling, Machine Learning, Python, Statistics."
CAND-0197,Analytics,13.7,"{""PowerBI"": 80, ""Data Modeling"": 66, ""Statistics"": 93, ""SQL"": 77, ""Machine Learning"": 76}","{""Machine Learning"": 82, ""Data Modeling"": 81, ""Python"": 88, ""PowerBI"": 90, ""Tableau"": 72}",3,65.4,207000,64.4,Group_B,"Experienced Analytics specialist with 13.7 years working with PowerBI, Data Modeling, Statistics, SQL, Machine Learning."
CAND-0198,Analytics,6.7,"{""PowerBI"": 68, ""Data Modeling"": 88, ""Machine Learning"": 70, ""SQL"": 74, ""Tableau"": 64}","{""Statistics"": 75, ""Tableau"": 81, ""Python"": 89, ""Machine Learning"": 73, ""SQL"": 77}",3,55.1,154000,54.7,Group_A,"Experienced Analytics specialist with 6.7 years working with PowerBI, Data Modeling, Machine Learning, SQL, Tableau."
CAND-0199,Design,10.5,"{""UI/UX"": 62, ""Design Systems"": 68, ""Wireframing"": 96, ""Prototyping"": 97, ""Figma"": 70, ""User Research"": 68}","{""Design Systems"": 75, ""Figma"": 78, ""Wireframing"": 75, ""UI/UX"": 86, ""HTML/CSS"": 82}",4,76.0,189000,75.3,Group_A,"Experienced Design specialist with 10.5 years working with UI/UX, Design Systems, Wireframing, Prototyping, Figma, User Research."
CAND-0200,Infrastructure,14.3,"{""Ansible"": 70, ""Prometheus"": 74, ""Linux"": 86, ""Terraform"": 98}","{""CI/CD"": 80, ""Python"": 84, ""Docker"": 89}",0,45.0,203000,44.8,Group_D,"Experienced Infrastructure specialist with 14.3 years working with Ansible, Prometheus, Linux, Terraform."
CAND-0201,Product,2.5,"{""Scrum"": 66, ""Wireframing"": 71, ""Product Strategy"": 90, ""Analytics"": 98}","{""Product Strategy"": 74, ""Agile"": 89, ""Roadmapping"": 87}",1,45.0,120000,48.8,Group_D,"Experienced Product specialist with 2.5 years working with Scrum, Wireframing, Product Strategy, Analytics."
CAND-0202,Analytics,6.9,"{""Statistics"": 74, ""Machine Learning"": 90, ""PowerBI"": 84}","{""Machine Learning"": 83, ""Statistics"": 74, ""Data Modeling"": 78, ""SQL"": 85}",2,51.9,154000,55.2,Group_A,"Experienced Analytics specialist with 6.9 years working with Statistics, Machine Learning, PowerBI."
CAND-0203,Infrastructure,9.4,"{""Python"": 93, ""Terraform"": 60, ""Kubernetes"": 84, ""AWS"": 73, ""Linux"": 80, ""Prometheus"": 86}","{""Docker"": 88, ""CI/CD"": 78, ""Terraform"": 78, ""AWS"": 87}",2,51.8,172000,51.8,Group_C,"Experienced Infrastructure specialist with 9.4 years working with Python, Terraform, Kubernetes, AWS, Linux, Prometheus."
CAND-0204,Design,11.6,"{""Design Systems"": 76, ""Wireframing"": 79, ""Prototyping"": 96, ""UI/UX"": 82, ""HTML/CSS"": 85, ""User Research"": 68}","{""Figma"": 75, ""HTML/CSS"": 73, ""UI/UX"": 76, ""Prototyping"": 86, ""User Research"": 82}",4,79.3,198000,79.8,Group_A,"Experienced Design specialist with 11.6 years working with Design Systems, Wireframing, Prototyping, UI/UX, HTML/CSS, User Research."
CAND-0205,Product,6.4,"{""Product Strategy"": 90, ""Scrum"": 98, ""Wireframing"": 87}","{""Product Strategy"": 81, ""SaaS"": 72, ""Wireframing"": 89}",2,55.6,152000,55.5,Group_D,"Experienced Product specialist with 6.4 years working with Product Strategy, Scrum, Wireframing."
CAND-0206,Analytics,10.2,"{""Statistics"": 91, ""Machine Learning"": 88, ""SQL"": 60, ""Python"": 72, ""Tableau"": 93}","{""Python"": 89, ""SQL"": 75, ""Machine Learning"": 71, ""Data Modeling"": 81}",3,68.5,184000,65.0,Group_B,"Experienced Analytics specialist with 10.2 years working with Statistics, Machine Learning, SQL, Python, Tableau."
CAND-0207,Engineering,15.0,"{""AWS"": 60, ""System Design"": 64, ""PostgreSQL"": 65, ""Python"": 95, ""Node.js"": 78, ""GraphQL"": 95}","{""AWS"": 76, ""Docker"": 84, ""Python"": 82, ""Node.js"": 88, ""GraphQL"": 70}",4,78.6,221000,76.8,Group_A,"Experienced Engineering specialist with 15.0 years working with AWS, System Design, PostgreSQL, Python, Node.js, GraphQL."
CAND-0208,Analytics,2.0,"{""Tableau"": 96, ""SQL"": 76, ""Machine Learning"": 88, ""Data Modeling"": 84, ""PowerBI"": 96}","{""Data Modeling"": 84, ""Python"": 88, ""Tableau"": 70, ""PowerBI"": 85}",3,56.3,122000,54.2,Group_B,"Experienced Analytics specialist with 2.0 years working with Tableau, SQL, Machine Learning, Data Modeling, PowerBI."
CAND-0209,Product,12.2,"{""User Research"": 78, ""Analytics"": 65, ""Scrum"": 85, ""Agile"": 81, ""SaaS"": 64, ""Wireframing"": 95}","{""Wireframing"": 76, ""SaaS"": 88, ""Scrum"": 78}",3,88.1,206000,87.5,Group_B,"Experienced Product specialist with 12.2 years working with User Research, Analytics, Scrum, Agile, SaaS, Wireframing."
CAND-0210,Design,11.3,"{""HTML/CSS"": 74, ""UI/UX"": 72, ""User Research"": 75, ""Wireframing"": 82}","{""Wireframing"": 72, ""Figma"": 85, ""HTML/CSS"": 89}",2,61.8,189000,64.0,Group_A,"Experienced Design specialist with 11.3 years working with HTML/CSS, UI/UX, User Research, Wireframing."
CAND-0211,Design,6.2,"{""Prototyping"": 92, ""Design Systems"": 77, ""User Research"": 85, ""Wireframing"": 74, ""Figma"": 96}","{""Figma"": 85, ""Design Systems"": 87, ""Prototyping"": 71}",3,83.3,162000,81.0,Group_B,"Experienced Design specialist with 6.2 years working with Prototyping, Design Systems, User Research, Wireframing, Figma."
CAND-0212,Design,14.7,"{""User Research"": 84, ""HTML/CSS"": 97, ""Figma"": 66, ""Design Systems"": 80, ""Wireframing"": 83, ""Prototyping"": 76}","{""Design Systems"": 78, ""User Research"": 85, ""UI/UX"": 89}",2,69.7,216000,67.2,Group_D,"Experienced Design specialist with 14.7 years working with User Research, HTML/CSS, Figma, Design Systems, Wireframing, Prototyping."
CAND-0213,Product,6.9,"{""User Research"": 71, ""Scrum"": 96, ""Roadmapping"": 68, ""SaaS"": 96, ""Wireframing"": 74}","{""Analytics"": 87, ""Scrum"": 83, ""Product Strategy"": 82}",1,45.0,151000,48.2,Group_B,"Experienced Product specialist with 6.9 years working with User Research, Scrum, Roadmapping, SaaS, Wireframing."
CAND-0214,Design,12.3,"{""Prototyping"": 91, ""Wireframing"": 79, ""UI/UX"": 76, ""User Research"": 95}","{""Figma"": 76, ""Prototyping"": 78, ""Wireframing"": 85, ""UI/UX"": 90, ""Design Systems"": 73}",3,62.9,196000,61.9,Group_C,"Experienced Design specialist with 12.3 years working with Prototyping, Wireframing, UI/UX, User Research."
CAND-0215,Infrastructure,8.8,"{""AWS"": 98, ""Kubernetes"": 72, ""Terraform"": 96, ""Ansible"": 96, ""CI/CD"": 94}","{""Python"": 86, ""AWS"": 85, ""CI/CD"": 84}",2,67.3,174000,66.2,Group_C,"Experienced Infrastructure specialist with 8.8 years working with AWS, Kubernetes, Terraform, Ansible, CI/CD."
CAND-0216,Design,9.8,"{""Wireframing"": 96, ""UI/UX"": 85, ""User Research"": 64, ""Prototyping"": 65}","{""User Research"": 80, ""UI/UX"": 90, ""Wireframing"": 79}",3,90.2,190000,88.6,Group_D,"Experienced Design specialist with 9.8 years working with Wireframing, UI/UX, User Research, Prototyping."
CAND-0217,Infrastructure,13.4,"{""Prometheus"": 61, ""Ansible"": 68, ""Terraform"": 75, ""Docker"": 76, ""AWS"": 65}","{""CI/CD"": 73, ""Linux"": 72, ""Kubernetes"": 85}",0,45.0,197000,43.6,Group_D,"Experienced Infrastructure specialist with 13.4 years working with Prometheus, Ansible, Terraform, Docker, AWS."
CAND-0218,Analytics,11.7,"{""SQL"": 69, ""Tableau"": 65, ""Machine Learning"": 84}","{""Python"": 90, ""Data Modeling"": 74, ""Tableau"": 74, ""PowerBI"": 86}",1,45.0,185000,43.6,Group_C,"Experienced Analytics specialist with 11.7 years working with SQL, Tableau, Machine Learning."
CAND-0219,Infrastructure,13.1,"{""Prometheus"": 97, ""Python"": 98, ""Ansible"": 89, ""Terraform"": 96, ""Docker"": 87, ""Linux"": 93}","{""Prometheus"": 77, ""Python"": 72, ""CI/CD"": 84, ""Terraform"": 79, ""Ansible"": 81}",4,77.6,208000,74.3,Group_A,"Experienced Infrastructure specialist with 13.1 years working with Prometheus, Python, Ansible, Terraform, Docker, Linux."
CAND-0220,Engineering,8.3,"{""AWS"": 60, ""Python"": 91, ""GraphQL"": 90, ""PostgreSQL"": 79}","{""System Design"": 70, ""Python"": 87, ""TypeScript"": 81}",1,45.0,161000,48.7,Group_D,"Experienced Engineering specialist with 8.3 years working with AWS, Python, GraphQL, PostgreSQL."
CAND-0221,Design,4.5,"{""Wireframing"": 75, ""Prototyping"": 93, ""UI/UX"": 77, ""User Research"": 78, ""Figma"": 94, ""Design Systems"": 77}","{""UI/UX"": 79, ""Figma"": 73, ""Wireframing"": 90, ""Design Systems"": 84}",4,82.2,149000,79.3,Group_D,"Experienced Design specialist with 4.5 years working with Wireframing, Prototyping, UI/UX, User Research, Figma, Design Systems."
CAND-0222,Product,5.5,"{""Agile"": 66, ""Analytics"": 78, ""Wireframing"": 77, ""Product Strategy"": 68}","{""Wireframing"": 74, ""User Research"": 70, ""Agile"": 85, ""Product Strategy"": 76, ""Scrum"": 80}",3,53.5,145000,55.9,Group_D,"Experienced Product specialist with 5.5 years working with Agile, Analytics, Wireframing, Product Strategy."
CAND-0223,Infrastructure,7.5,"{""AWS"": 69, ""Docker"": 63, ""Linux"": 77}","{""Docker"": 78, ""Ansible"": 82, ""Prometheus"": 70, ""Linux"": 73}",2,54.7,159000,56.6,Group_D,"Experienced Infrastructure specialist with 7.5 years working with AWS, Docker, Linux."
CAND-0224,Design,4.5,"{""UI/UX"": 93, ""Prototyping"": 73, ""Figma"": 90}","{""HTML/CSS"": 90, ""User Research"": 71, ""Wireframing"": 87, ""UI/UX"": 86}",1,45.0,134000,46.3,Group_C,"Experienced Design specialist with 4.5 years working with UI/UX, Prototyping, Figma."
CAND-0225,Product,6.0,"{""Roadmapping"": 87, ""Agile"": 80, ""Product Strategy"": 60}","{""Analytics"": 82, ""Wireframing"": 77, ""Agile"": 70}",1,45.0,145000,46.9,Group_D,"Experienced Product specialist with 6.0 years working with Roadmapping, Agile, Product Strategy."
CAND-0226,Analytics,3.2,"{""Python"": 65, ""Data Modeling"": 81, ""PowerBI"": 63}","{""Tableau"": 87, ""Statistics"": 73, ""Python"": 74}",1,45.0,125000,45.3,Group_C,"Experienced Analytics specialist with 3.2 years working with Python, Data Modeling, PowerBI."
CAND-0227,Design,11.3,"{""HTML/CSS"": 68, ""Prototyping"": 76, ""User Research"": 62}","{""HTML/CSS"": 87, ""Prototyping"": 85, ""Design Systems"": 76, ""User Research"": 88}",3,69.4,192000,67.9,Group_D,"Experienced Design specialist with 11.3 years working with HTML/CSS, Prototyping, User Research."
CAND-0228,Infrastructure,13.1,"{""Docker"": 76, ""CI/CD"": 94, ""Terraform"": 83, ""Ansible"": 89}","{""Prometheus"": 75, ""Linux"": 70, ""AWS"": 89}",0,45.0,195000,48.1,Group_B,"Experienced Infrastructure specialist with 13.1 years working with Docker, CI/CD, Terraform, Ansible."
CAND-0229,Infrastructure,11.1,"{""Terraform"": 80, ""Ansible"": 86, ""Linux"": 80, ""Python"": 67, ""Docker"": 66, ""CI/CD"": 93}","{""Docker"": 71, ""Kubernetes"": 76, ""Linux"": 73, ""Prometheus"": 85, ""AWS"": 76}",2,45.0,181000,46.8,Group_D,"Experienced Infrastructure specialist with 11.1 years working with Terraform, Ansible, Linux, Python, Docker, CI/CD."
CAND-0230,Design,8.4,"{""Figma"": 73, ""User Research"": 91, ""UI/UX"": 65, ""Wireframing"": 89, ""Prototyping"": 63}","{""Design Systems"": 71, ""HTML/CSS"": 89, ""Prototyping"": 78, ""User Research"": 86}",2,46.6,162000,45.3,Group_C,"Experienced Design specialist with 8.4 years working with Figma, User Research, UI/UX, Wireframing, Prototyping."
CAND-0231,Engineering,14.2,"{""Node.js"": 72, ""TypeScript"": 72, ""System Design"": 93}","{""TypeScript"": 90, ""JavaScript"": 88, ""System Design"": 81, ""AWS"": 84, ""React"": 83}",2,55.8,207000,54.3,Group_B,"Experienced Engineering specialist with 14.2 years working with Node.js, TypeScript, System Design."
CAND-0232,Analytics,6.6,"{""Statistics"": 80, ""Python"": 95, ""Machine Learning"": 80, ""PowerBI"": 83, ""Data Modeling"": 86}","{""PowerBI"": 87, ""Statistics"": 76, ""Tableau"": 82, ""Python"": 87, ""Machine Learning"": 78}",4,68.4,159000,67.6,Group_D,"Experienced Analytics specialist with 6.6 years working with Statistics, Python, Machine Learning, PowerBI, Data Modeling."
CAND-0233,Engineering,11.2,"{""Docker"": 79, ""React"": 74, ""JavaScript"": 73, ""GraphQL"": 80, ""PostgreSQL"": 61}","{""Python"": 84, ""PostgreSQL"": 81, ""JavaScript"": 74, ""React"": 74, ""System Design"": 78}",3,60.6,188000,61.2,Group_B,"Experienced Engineering specialist with 11.2 years working with Docker, React, JavaScript, GraphQL, PostgreSQL."
CAND-0234,Infrastructure,12.4,"{""Linux"": 64, ""Terraform"": 80, ""AWS"": 90}","{""Ansible"": 90, ""Docker"": 79, ""Python"": 71}",0,45.0,190000,46.9,Group_A,"Experienced Infrastructure specialist with 12.4 years working with Linux, Terraform, AWS."
CAND-0235,Engineering,13.9,"{""AWS"": 74, ""System Design"": 98, ""PostgreSQL"": 60, ""GraphQL"": 84, ""React"": 63}","{""PostgreSQL"": 88, ""React"": 74, ""AWS"": 80, ""Python"": 86}",3,78.0,214000,74.7,Group_D,"Experienced Engineering specialist with 13.9 years working with AWS, System Design, PostgreSQL, GraphQL, React."
CAND-0236,Design,11.5,"{""UI/UX"": 85, ""Prototyping"": 69, ""User Research"": 68}","{""Figma"": 87, ""Prototyping"": 82, ""Design Systems"": 78, ""Wireframing"": 72}",1,45.0,184000,46.0,Group_B,"Experienced Design specialist with 11.5 years working with UI/UX, Prototyping, User Research."
CAND-0237,Product,7.7,"{""Wireframing"": 72, ""Roadmapping"": 95, ""User Research"": 93, ""Analytics"": 75}","{""Product Strategy"": 80, ""SaaS"": 88, ""Roadmapping"": 72}",1,45.0,157000,45.9,Group_C,"Experienced Product specialist with 7.7 years working with Wireframing, Roadmapping, User Research, Analytics."
CAND-0238,Infrastructure,3.7,"{""Kubernetes"": 88, ""Python"": 69, ""Docker"": 88, ""CI/CD"": 62, ""Ansible"": 74}","{""AWS"": 72, ""CI/CD"": 73, ""Linux"": 71}",1,45.0,129000,47.1,Group_B,"Experienced Infrastructure specialist with 3.7 years working with Kubernetes, Python, Docker, CI/CD, Ansible."
CAND-0239,Infrastructure,1.2,"{""Python"": 61, ""Ansible"": 81, ""Terraform"": 73}","{""Prometheus"": 78, ""Terraform"": 87, ""Docker"": 85, ""Python"": 89, ""AWS"": 74}",2,45.0,111000,47.4,Group_D,"Experienced Infrastructure specialist with 1.2 years working with Python, Ansible, Terraform."
CAND-0240,Analytics,13.7,"{""Tableau"": 78, ""Python"": 72, ""SQL"": 77}","{""PowerBI"": 72, ""Statistics"": 82, ""SQL"": 78}",1,48.2,200000,51.8,Group_C,"Experienced Analytics specialist with 13.7 years working with Tableau, Python, SQL."
CAND-0241,Engineering,1.3,"{""TypeScript"": 94, ""System Design"": 65, ""Node.js"": 71, ""JavaScript"": 72, ""Docker"": 92, ""Python"": 89}","{""React"": 80, ""Docker"": 85, ""TypeScript"": 82, ""Python"": 75, ""JavaScript"": 70}",4,61.2,119000,60.4,Group_C,"Experienced Engineering specialist with 1.3 years working with TypeScript, System Design, Node.js, JavaScript, Docker, Python."
CAND-0242,Product,14.9,"{""Agile"": 95, ""User Research"": 77, ""SaaS"": 74, ""Roadmapping"": 69, ""Wireframing"": 81}","{""SaaS"": 86, ""Agile"": 89, ""User Research"": 90, ""Roadmapping"": 77}",4,94.0,227000,91.9,Group_D,"Experienced Product specialist with 14.9 years working with Agile, User Research, SaaS, Roadmapping, Wireframing."
CAND-0243,Infrastructure,13.7,"{""Ansible"": 97, ""CI/CD"": 94, ""Docker"": 72, ""AWS"": 68, ""Linux"": 79}","{""Prometheus"": 75, ""CI/CD"": 80, ""Terraform"": 72, ""Docker"": 87, ""Python"": 87}",2,55.8,203000,54.0,Group_C,"Experienced Infrastructure specialist with 13.7 years working with Ansible, CI/CD, Docker, AWS, Linux."
CAND-0244,Product,11.2,"{""Scrum"": 69, ""Roadmapping"": 72, ""SaaS"": 66, ""Wireframing"": 68, ""User Research"": 71}","{""Analytics"": 89, ""Wireframing"": 77, ""Scrum"": 89}",2,63.9,189000,64.9,Group_C,"Experienced Product specialist with 11.2 years working with Scrum, Roadmapping, SaaS, Wireframing, User Research."
CAND-0245,Engineering,10.6,"{""JavaScript"": 71, ""PostgreSQL"": 84, ""GraphQL"": 91, ""AWS"": 90, ""System Design"": 68, ""Docker"": 70}","{""TypeScript"": 70, ""React"": 78, ""System Design"": 83}",1,45.0,177000,47.4,Group_B,"Experienced Engineering specialist with 10.6 years working with JavaScript, PostgreSQL, GraphQL, AWS, System Design, Docker."
CAND-0246,Product,1.9,"{""Wireframing"": 85, ""User Research"": 62, ""SaaS"": 98, ""Roadmapping"": 84, ""Product Strategy"": 80, ""Analytics"": 85}","{""Agile"": 71, ""Analytics"": 77, ""Wireframing"": 86, ""Roadmapping"": 87, ""Scrum"": 82}",3,54.4,120000,52.3,Group_D,"Experienced Product specialist with 1.9 years working with Wireframing, User Research, SaaS, Roadmapping, Product Strategy, Analytics."
CAND-0247,Analytics,11.7,"{""Python"": 85, ""Tableau"": 79, ""PowerBI"": 78}","{""Python"": 86, ""PowerBI"": 74, ""Tableau"": 84, ""SQL"": 90}",3,72.6,196000,73.1,Group_A,"Experienced Analytics specialist with 11.7 years working with Python, Tableau, PowerBI."
CAND-0248,Product,11.9,"{""Scrum"": 61, ""Roadmapping"": 71, ""SaaS"": 89, ""Wireframing"": 97}","{""Roadmapping"": 90, ""Wireframing"": 75, ""Agile"": 73, ""SaaS"": 72, ""Analytics"": 73}",3,64.9,194000,65.5,Group_A,"Experienced Product specialist with 11.9 years working with Scrum, Roadmapping, SaaS, Wireframing."
CAND-0249,Analytics,10.9,"{""PowerBI"": 70, ""Machine Learning"": 81, ""Data Modeling"": 96, ""SQL"": 69}","{""Data Modeling"": 71, ""Python"": 83, ""Statistics"": 79}",1,45.0,179000,48.0,Group_D,"Experienced Analytics specialist with 10.9 years working with PowerBI, Machine Learning, Data Modeling, SQL."
CAND-0250,Infrastructure,9.8,"{""CI/CD"": 76, ""Terraform"": 60, ""Kubernetes"": 89}","{""Ansible"": 77, ""Kubernetes"": 76, ""Python"": 88, ""Terraform"": 85}",2,52.6,175000,53.0,Group_A,"Experienced Infrastructure specialist with 9.8 years working with CI/CD, Terraform, Kubernetes."
CAND-0251,Product,13.4,"{""Roadmapping"": 82, ""Agile"": 62, ""Product Strategy"": 69, ""User Research"": 62, ""Scrum"": 96}","{""Analytics"": 83, ""SaaS"": 75, ""Agile"": 75, ""User Research"": 79, ""Wireframing"": 89}",2,52.5,200000,54.5,Group_B,"Experienced Product specialist with 13.4 years working with Roadmapping, Agile, Product Strategy, User Research, Scrum."
CAND-0252,Design,11.5,"{""Figma"": 84, ""Wireframing"": 64, ""User Research"": 87, ""Design Systems"": 95, ""UI/UX"": 64}","{""Prototyping"": 80, ""UI/UX"": 86, ""Figma"": 83, ""User Research"": 86}",3,69.9,193000,67.6,Group_A,"Experienced Design specialist with 11.5 years working with Figma, Wireframing, User Research, Design Systems, UI/UX."
CAND-0253,Engineering,9.0,"{""GraphQL"": 98, ""Python"": 80, ""System Design"": 76}","{""Docker"": 85, ""AWS"": 86, ""JavaScript"": 90, ""Python"": 85, ""System Design"": 85}",2,48.1,167000,51.6,Group_B,"Experienced Engineering specialist with 9.0 years working with GraphQL, Python, System Design."
CAND-0254,Infrastructure,14.7,"{""Docker"": 67, ""Kubernetes"": 73, ""Terraform"": 86}","{""Kubernetes"": 90, ""AWS"": 76, ""CI/CD"": 70, ""Python"": 90}",1,45.0,206000,45.1,Group_A,"Experienced Infrastructure specialist with 14.7 years working with Docker, Kubernetes, Terraform."
CAND-0255,Infrastructure,5.2,"{""Kubernetes"": 85, ""Docker"": 96, ""AWS"": 61, ""CI/CD"": 71, ""Linux"": 72}","{""AWS"": 90, ""Ansible"": 74, ""Terraform"": 85, ""Kubernetes"": 74}",2,48.2,141000,51.7,Group_C,"Experienced Infrastructure specialist with 5.2 years working with Kubernetes, Docker, AWS, CI/CD, Linux."
CAND-0256,Design,12.0,"{""HTML/CSS"": 95, ""Figma"": 94, ""Design Systems"": 61, ""User Research"": 73, ""Prototyping"": 96, ""UI/UX"": 81}","{""Figma"": 80, ""UI/UX"": 82, ""User Research"": 90, ""Wireframing"": 87}",3,76.9,200000,76.2,Group_D,"Experienced Design specialist with 12.0 years working with HTML/CSS, Figma, Design Systems, User Research, Prototyping, UI/UX."
CAND-0257,Product,9.3,"{""User Research"": 65, ""Wireframing"": 91, ""Agile"": 75, ""SaaS"": 83, ""Roadmapping"": 88}","{""Roadmapping"": 73, ""Analytics"": 81, ""SaaS"": 71, ""Product Strategy"": 76}",2,56.5,173000,56.6,Group_A,"Experienced Product specialist with 9.3 years working with User Research, Wireframing, Agile, SaaS, Roadmapping."
CAND-0258,Design,13.7,"{""UI/UX"": 80, ""User Research"": 69, ""Prototyping"": 66, ""HTML/CSS"": 93}","{""UI/UX"": 86, ""Wireframing"": 73, ""Figma"": 70, ""Prototyping"": 79, ""HTML/CSS"": 71}",3,67.1,208000,67.3,Group_A,"Experienced Design specialist with 13.7 years working with UI/UX, User Research, Prototyping, HTML/CSS."
CAND-0259,Infrastructure,7.5,"{""Docker"": 96, ""Python"": 79, ""Kubernetes"": 73}","{""Terraform"": 87, ""Prometheus"": 80, ""CI/CD"": 84, ""Linux"": 73}",0,45.0,156000,44.3,Group_A,"Experienced Infrastructure specialist with 7.5 years working with Docker, Python, Kubernetes."
CAND-0260,Engineering,14.4,"{""TypeScript"": 95, ""PostgreSQL"": 80, ""AWS"": 77}","{""Python"": 72, ""TypeScript"": 79, ""JavaScript"": 89}",1,51.5,206000,52.6,Group_A,"Experienced Engineering specialist with 14.4 years working with TypeScript, PostgreSQL, AWS."
CAND-0261,Product,1.4,"{""Product Strategy"": 65, ""Roadmapping"": 87, ""Agile"": 85}","{""Wireframing"": 79, ""Analytics"": 80, ""SaaS"": 76}",0,45.0,113000,47.4,Group_A,"Experienced Product specialist with 1.4 years working with Product Strategy, Roadmapping, Agile."
CAND-0262,Design,8.9,"{""Wireframing"": 66, ""HTML/CSS"": 89, ""Prototyping"": 79}","{""HTML/CSS"": 77, ""Wireframing"": 74, ""Prototyping"": 89, ""Design Systems"": 78, ""Figma"": 81}",3,57.8,170000,59.4,Group_C,"Experienced Design specialist with 8.9 years working with Wireframing, HTML/CSS, Prototyping."
CAND-0263,Infrastructure,7.3,"{""Docker"": 82, ""Ansible"": 90, ""Kubernetes"": 89}","{""Python"": 88, ""AWS"": 74, ""Prometheus"": 86}",0,45.0,154000,48.3,Group_A,"Experienced Infrastructure specialist with 7.3 years working with Docker, Ansible, Kubernetes."
CAND-0264,Infrastructure,8.8,"{""Python"": 97, ""Ansible"": 86, ""Terraform"": 75}","{""Terraform"": 80, ""CI/CD"": 76, ""Prometheus"": 88, ""Linux"": 83, ""Kubernetes"": 83}",1,45.0,165000,45.5,Group_B,"Experienced Infrastructure specialist with 8.8 years working with Python, Ansible, Terraform."
CAND-0265,Product,10.3,"{""Wireframing"": 98, ""Agile"": 89, ""Analytics"": 80}","{""Product Strategy"": 82, ""Scrum"": 72, ""Roadmapping"": 89, ""Wireframing"": 73, ""SaaS"": 89}",1,45.0,175000,45.7,Group_D,"Experienced Product specialist with 10.3 years working with Wireframing, Agile, Analytics."
CAND-0266,Engineering,2.3,"{""Docker"": 69, ""React"": 88, ""JavaScript"": 94, ""AWS"": 78}","{""Docker"": 80, ""GraphQL"": 79, ""TypeScript"": 88, ""Node.js"": 79}",1,45.0,119000,49.0,Group_C,"Experienced Engineering specialist with 2.3 years working with Docker, React, JavaScript, AWS."
CAND-0267,Engineering,9.2,"{""JavaScript"": 60, ""Python"": 95, ""React"": 82, ""Docker"": 67, ""PostgreSQL"": 78, ""GraphQL"": 61}","{""System Design"": 82, ""Docker"": 82, ""AWS"": 82}",1,45.0,167000,44.7,Group_B,"Experienced Engineering specialist with 9.2 years working with JavaScript, Python, React, Docker, PostgreSQL, GraphQL."
CAND-0268,Design,2.9,"{""Wireframing"": 68, ""User Research"": 60, ""Prototyping"": 64, ""UI/UX"": 61, ""Design Systems"": 69, ""Figma"": 91}","{""Prototyping"": 83, ""UI/UX"": 84, ""Figma"": 89, ""HTML/CSS"": 83, ""User Research"": 89}",4,61.7,130000,61.8,Group_D,"Experienced Design specialist with 2.9 years working with Wireframing, User Research, Prototyping, UI/UX, Design Systems, Figma."
CAND-0269,Design,6.0,"{""Prototyping"": 75, ""Design Systems"": 92, ""Figma"": 77, ""Wireframing"": 86}","{""Design Systems"": 85, ""User Research"": 81, ""Figma"": 73, ""Wireframing"": 88, ""HTML/CSS"": 85}",3,59.6,151000,57.3,Group_C,"Experienced Design specialist with 6.0 years working with Prototyping, Design Systems, Figma, Wireframing."
CAND-0270,Design,8.2,"{""UI/UX"": 94, ""Prototyping"": 97, ""Figma"": 79}","{""Figma"": 84, ""User Research"": 86, ""Design Systems"": 85, ""Wireframing"": 88, ""UI/UX"": 80}",2,45.0,160000,49.2,Group_C,"Experienced Design specialist with 8.2 years working with UI/UX, Prototyping, Figma."
CAND-0271,Infrastructure,3.3,"{""Python"": 70, ""Kubernetes"": 96, ""AWS"": 63, ""Terraform"": 78, ""Prometheus"": 61}","{""Ansible"": 72, ""Docker"": 78, ""Prometheus"": 78, ""Python"": 74}",2,45.6,126000,45.6,Group_C,"Experienced Infrastructure specialist with 3.3 years working with Python, Kubernetes, AWS, Terraform, Prometheus."
CAND-0272,Engineering,11.4,"{""Docker"": 71, ""JavaScript"": 76, ""GraphQL"": 75, ""PostgreSQL"": 91}","{""PostgreSQL"": 72, ""React"": 74, ""AWS"": 89}",1,47.9,184000,47.0,Group_D,"Experienced Engineering specialist with 11.4 years working with Docker, JavaScript, GraphQL, PostgreSQL."
CAND-0273,Design,11.8,"{""HTML/CSS"": 96, ""Prototyping"": 82, ""UI/UX"": 63, ""Design Systems"": 76}","{""Figma"": 82, ""UI/UX"": 85, ""Prototyping"": 79}",2,67.2,194000,69.5,Group_B,"Experienced Design specialist with 11.8 years working with HTML/CSS, Prototyping, UI/UX, Design Systems."
CAND-0274,Design,10.6,"{""Prototyping"": 88, ""User Research"": 84, ""UI/UX"": 80, ""Wireframing"": 93, ""Figma"": 62, ""Design Systems"": 66}","{""HTML/CSS"": 78, ""User Research"": 78, ""Prototyping"": 73, ""Wireframing"": 78, ""UI/UX"": 90}",4,76.0,190000,74.7,Group_B,"Experienced Design specialist with 10.6 years working with Prototyping, User Research, UI/UX, Wireframing, Figma, Design Systems."
CAND-0275,Analytics,11.8,"{""Statistics"": 60, ""Data Modeling"": 60, ""Python"": 64, ""Tableau"": 60, ""PowerBI"": 86}","{""Machine Learning"": 81, ""SQL"": 77, ""PowerBI"": 79}",1,45.0,186000,43.6,Group_A,"Experienced Analytics specialist with 11.8 years working with Statistics, Data Modeling, Python, Tableau, PowerBI."
CAND-0276,Engineering,14.1,"{""Docker"": 98, ""Node.js"": 68, ""PostgreSQL"": 84, ""React"": 96}","{""Node.js"": 79, ""JavaScript"": 84, ""Python"": 72}",1,48.5,203000,52.2,Group_C,"Experienced Engineering specialist with 14.1 years working with Docker, Node.js, PostgreSQL, React."
CAND-0277,Design,10.7,"{""User Research"": 84, ""UI/UX"": 84, ""Figma"": 81, ""Wireframing"": 63, ""Design Systems"": 76}","{""UI/UX"": 76, ""Prototyping"": 89, ""Figma"": 82, ""HTML/CSS"": 75}",2,55.7,182000,53.9,Group_D,"Experienced Design specialist with 10.7 years working with User Research, UI/UX, Figma, Wireframing, Design Systems."
CAND-0278,Product,9.6,"{""Wireframing"": 66, ""User Research"": 62, ""SaaS"": 64}","{""Analytics"": 70, ""Scrum"": 85, ""Roadmapping"": 74}",0,45.0,170000,43.4,Group_A,"Experienced Product specialist with 9.6 years working with Wireframing, User Research, SaaS."
CAND-0279,Design,4.7,"{""Prototyping"": 87, ""Design Systems"": 85, ""Figma"": 64, ""Wireframing"": 94, ""UI/UX"": 74}","{""Prototyping"": 73, ""HTML/CSS"": 88, ""Wireframing"": 87}",2,62.3,143000,61.5,Group_C,"Experienced Design specialist with 4.7 years working with Prototyping, Design Systems, Figma, Wireframing, UI/UX."
CAND-0280,Design,1.8,"{""User Research"": 65, ""Design Systems"": 89, ""Wireframing"": 78}","{""UI/UX"": 76, ""Wireframing"": 79, ""Design Systems"": 82, ""Figma"": 73, ""HTML/CSS"": 90}",2,45.0,116000,46.3,Group_D,"Experienced Design specialist with 1.8 years working with User Research, Design Systems, Wireframing."
CAND-0281,Product,3.0,"{""Agile"": 91, ""User Research"": 84, ""Analytics"": 64, ""Product Strategy"": 94}","{""Analytics"": 71, ""Roadmapping"": 80, ""Wireframing"": 71, ""Scrum"": 80, ""Agile"": 71}",2,45.0,124000,44.7,Group_D,"Experienced Product specialist with 3.0 years working with Agile, User Research, Analytics, Product Strategy."
CAND-0282,Analytics,3.1,"{""SQL"": 61, ""Data Modeling"": 90, ""Python"": 62, ""PowerBI"": 75}","{""Statistics"": 71, ""Python"": 79, ""SQL"": 73, ""Data Modeling"": 84, ""Tableau"": 89}",3,47.8,126000,49.5,Group_A,"Experienced Analytics specialist with 3.1 years working with SQL, Data Modeling, Python, PowerBI."
CAND-0283,Engineering,8.0,"{""Node.js"": 85, ""TypeScript"": 80, ""System Design"": 67, ""JavaScript"": 96}","{""JavaScript"": 88, ""AWS"": 75, ""TypeScript"": 80, ""System Design"": 72, ""React"": 73}",3,55.4,163000,57.5,Group_B,"Experienced Engineering specialist with 8.0 years working with Node.js, TypeScript, System Design, JavaScript."
CAND-0284,Infrastructure,8.7,"{""Terraform"": 70, ""Kubernetes"": 61, ""Docker"": 91, ""Ansible"": 65, ""Python"": 60, ""Prometheus"": 60}","{""Docker"": 85, ""Python"": 74, ""Terraform"": 76}",3,83.0,179000,80.0,Group_D,"Experienced Infrastructure specialist with 8.7 years working with Terraform, Kubernetes, Docker, Ansible, Python, Prometheus."
CAND-0285,Design,4.3,"{""Design Systems"": 91, ""HTML/CSS"": 65, ""Figma"": 79, ""UI/UX"": 82}","{""Figma"": 73, ""Design Systems"": 86, ""UI/UX"": 73, ""HTML/CSS"": 89}",4,79.4,147000,79.6,Group_B,"Experienced Design specialist with 4.3 years working with Design Systems, HTML/CSS, Figma, UI/UX."
CAND-0286,Design,11.8,"{""User Research"": 69, ""Figma"": 90, ""UI/UX"": 91, ""HTML/CSS"": 71}","{""HTML/CSS"": 90, ""Figma"": 81, ""Wireframing"": 79}",2,64.5,193000,62.8,Group_D,"Experienced Design specialist with 11.8 years working with User Research, Figma, UI/UX, HTML/CSS."
CAND-0287,Engineering,2.5,"{""PostgreSQL"": 61, ""JavaScript"": 91, ""Docker"": 92}","{""Node.js"": 88, ""TypeScript"": 88, ""GraphQL"": 80}",0,45.0,120000,47.9,Group_C,"Experienced Engineering specialist with 2.5 years working with PostgreSQL, JavaScript, Docker."
CAND-0288,Product,11.9,"{""Roadmapping"": 84, ""Agile"": 74, ""Product Strategy"": 64, ""Wireframing"": 90, ""User Research"": 97}","{""Agile"": 89, ""Roadmapping"": 84, ""Product Strategy"": 75, ""User Research"": 82}",4,89.6,204000,87.2,Group_B,"Experienced Product specialist with 11.9 years working with Roadmapping, Agile, Product Strategy, Wireframing, User Research."
CAND-0289,Infrastructure,14.7,"{""AWS"": 96, ""CI/CD"": 63, ""Kubernetes"": 77, ""Prometheus"": 68}","{""Ansible"": 75, ""Prometheus"": 80, ""Terraform"": 77}",1,51.8,209000,53.3,Group_B,"Experienced Infrastructure specialist with 14.7 years working with AWS, CI/CD, Kubernetes, Prometheus."
CAND-0290,Analytics,14.6,"{""SQL"": 73, ""PowerBI"": 97, ""Machine Learning"": 90, ""Statistics"": 89}","{""SQL"": 77, ""Statistics"": 80, ""PowerBI"": 83, ""Python"": 88}",3,74.2,217000,75.8,Group_B,"Experienced Analytics specialist with 14.6 years working with SQL, PowerBI, Machine Learning, Statistics."
CAND-0291,Analytics,13.6,"{""SQL"": 90, ""Data Modeling"": 66, ""PowerBI"": 88, ""Statistics"": 91, ""Python"": 75, ""Tableau"": 65}","{""Data Modeling"": 81, ""SQL"": 79, ""PowerBI"": 77, ""Python"": 90, ""Statistics"": 72}",5,88.3,216000,87.3,Group_B,"Experienced Analytics specialist with 13.6 years working with SQL, Data Modeling, PowerBI, Statistics, Python, Tableau."
CAND-0292,Design,13.0,"{""Prototyping"": 85, ""Wireframing"": 71, ""UI/UX"": 83}","{""Prototyping"": 80, ""HTML/CSS"": 86, ""Figma"": 71, ""Design Systems"": 79, ""UI/UX"": 83}",2,52.9,197000,54.9,Group_B,"Experienced Design specialist with 13.0 years working with Prototyping, Wireframing, UI/UX."
CAND-0293,Engineering,9.7,"{""React"": 84, ""PostgreSQL"": 83, ""AWS"": 89, ""Docker"": 62, ""System Design"": 83}","{""JavaScript"": 76, ""PostgreSQL"": 74, ""Node.js"": 80, ""Python"": 77}",1,45.0,171000,47.3,Group_B,"Experienced Engineering specialist with 9.7 years working with React, PostgreSQL, AWS, Docker, System Design."
CAND-0294,Product,5.5,"{""Scrum"": 82, ""SaaS"": 88, ""Agile"": 91, ""User Research"": 92, ""Wireframing"": 93}","{""Wireframing"": 87, ""User Research"": 79, ""Analytics"": 84}",2,60.2,148000,62.2,Group_A,"Experienced Product specialist with 5.5 years working with Scrum, SaaS, Agile, User Research, Wireframing."
CAND-0295,Product,13.5,"{""Product Strategy"": 66, ""Agile"": 70, ""Roadmapping"": 77, ""Wireframing"": 67, ""SaaS"": 69, ""Scrum"": 91}","{""Roadmapping"": 70, ""Analytics"": 79, ""User Research"": 83}",1,51.0,200000,52.2,Group_B,"Experienced Product specialist with 13.5 years working with Product Strategy, Agile, Roadmapping, Wireframing, SaaS, Scrum."
CAND-0296,Design,5.9,"{""HTML/CSS"": 61, ""Wireframing"": 74, ""Figma"": 93, ""User Research"": 81, ""Design Systems"": 86, ""Prototyping"": 97}","{""HTML/CSS"": 88, ""Wireframing"": 86, ""User Research"": 87, ""Prototyping"": 84}",4,82.4,159000,81.2,Group_C,"Experienced Design specialist with 5.9 years working with HTML/CSS, Wireframing, Figma, User Research, Design Systems, Prototyping."
CAND-0297,Product,12.0,"{""Wireframing"": 69, ""SaaS"": 82, ""Scrum"": 78, ""Agile"": 89}","{""SaaS"": 79, ""User Research"": 75, ""Analytics"": 75}",1,47.7,188000,50.0,Group_B,"Experienced Product specialist with 12.0 years working with Wireframing, SaaS, Scrum, Agile."
CAND-0298,Product,4.3,"{""User Research"": 88, ""Analytics"": 76, ""Product Strategy"": 83}","{""Roadmapping"": 71, ""Analytics"": 80, ""User Research"": 81}",2,53.9,137000,54.3,Group_B,"Experienced Product specialist with 4.3 years working with User Research, Analytics, Product Strategy."
CAND-0299,Analytics,5.2,"{""PowerBI"": 89, ""Data Modeling"": 80, ""Python"": 69}","{""Statistics"": 80, ""Machine Learning"": 90, ""Data Modeling"": 79}",1,45.0,139000,45.1,Group_B,"Experienced Analytics specialist with 5.2 years working with PowerBI, Data Modeling, Python."
CAND-0300,Analytics,11.2,"{""Tableau"": 95, ""Statistics"": 67, ""SQL"": 79, ""PowerBI"": 61, ""Machine Learning"": 85, ""Data Modeling"": 74}","{""Tableau"": 89, ""SQL"": 90, ""Data Modeling"": 76, ""Statistics"": 88}",4,90.2,199000,89.7,Group_C,"Experienced Analytics specialist with 11.2 years working with Tableau, Statistics, SQL, PowerBI, Machine Learning, Data Modeling."
CAND-0301,Product,1.3,"{""Product Strategy"": 98, ""Analytics"": 98, ""Roadmapping"": 92, ""Wireframing"": 63, ""User Research"": 83, ""Scrum"": 85}","{""Scrum"": 81, ""SaaS"": 70, ""Roadmapping"": 79}",2,51.8,115000,51.5,Group_D,"Experienced Product specialist with 1.3 years working with Product Strategy, Analytics, Roadmapping, Wireframing, User Research, Scrum."
CAND-0302,Analytics,2.2,"{""Statistics"": 86, ""PowerBI"": 68, ""Data Modeling"": 97, ""Tableau"": 98, ""SQL"": 65, ""Python"": 69}","{""Tableau"": 80, ""PowerBI"": 72, ""Machine Learning"": 88}",2,57.2,123000,55.2,Group_D,"Experienced Analytics specialist with 2.2 years working with Statistics, PowerBI, Data Modeling, Tableau, SQL, Python."
CAND-0303,Infrastructure,6.8,"{""CI/CD"": 62, ""Terraform"": 79, ""Docker"": 97, ""Ansible"": 79, ""Prometheus"": 91, ""AWS"": 95}","{""Ansible"": 78, ""Terraform"": 79, ""Kubernetes"": 90, ""Linux"": 90, ""Docker"": 85}",3,52.3,154000,54.1,Group_C,"Experienced Infrastructure specialist with 6.8 years working with CI/CD, Terraform, Docker, Ansible, Prometheus, AWS."
CAND-0304,Design,3.5,"{""Figma"": 64, ""Wireframing"": 98, ""User Research"": 83, ""Prototyping"": 97}","{""Design Systems"": 73, ""Prototyping"": 81, ""User Research"": 86, ""HTML/CSS"": 88}",2,45.0,128000,45.0,Group_A,"Experienced Design specialist with 3.5 years working with Figma, Wireframing, User Research, Prototyping."
CAND-0305,Product,5.5,"{""User Research"": 83, ""Product Strategy"": 86, ""Agile"": 82, ""SaaS"": 63}","{""Analytics"": 86, ""Wireframing"": 76, ""User Research"": 90, ""Agile"": 75}",2,50.0,144000,51.6,Group_B,"Experienced Product specialist with 5.5 years working with User Research, Product Strategy, Agile, SaaS."
CAND-0306,Analytics,5.5,"{""Data Modeling"": 83, ""Statistics"": 66, ""Tableau"": 94, ""Machine Learning"": 97, ""PowerBI"": 82}","{""SQL"": 79, ""Python"": 81, ""Machine Learning"": 85}",1,45.0,142000,48.9,Group_B,"Experienced Analytics specialist with 5.5 years working with Data Modeling, Statistics, Tableau, Machine Learning, PowerBI."
CAND-0307,Engineering,4.1,"{""TypeScript"": 89, ""PostgreSQL"": 64, ""Node.js"": 67, ""Docker"": 68}","{""GraphQL"": 81, ""AWS"": 74, ""Python"": 84}",0,45.0,132000,47.0,Group_C,"Experienced Engineering specialist with 4.1 years working with TypeScript, PostgreSQL, Node.js, Docker."
CAND-0308,Product,10.9,"{""Product Strategy"": 69, ""Wireframing"": 74, ""Scrum"": 79}","{""Roadmapping"": 83, ""Product Strategy"": 73, ""Agile"": 72}",1,45.0,179000,46.3,Group_D,"Experienced Product specialist with 10.9 years working with Product Strategy, Wireframing, Scrum."
CAND-0309,Engineering,3.7,"{""PostgreSQL"": 67, ""React"": 76, ""GraphQL"": 62}","{""Python"": 73, ""React"": 89, ""Node.js"": 76}",1,45.0,129000,44.6,Group_C,"Experienced Engineering specialist with 3.7 years working with PostgreSQL, React, GraphQL."
CAND-0310,Engineering,2.3,"{""Docker"": 75, ""AWS"": 92, ""PostgreSQL"": 96, ""Node.js"": 64, ""Python"": 66}","{""React"": 79, ""PostgreSQL"": 75, ""TypeScript"": 87, ""AWS"": 70, ""Node.js"": 73}",3,54.3,123000,57.5,Group_D,"Experienced Engineering specialist with 2.3 years working with Docker, AWS, PostgreSQL, Node.js, Python."
CAND-0311,Infrastructure,10.8,"{""Ansible"": 84, ""Docker"": 87, ""Prometheus"": 73, ""CI/CD"": 92}","{""Linux"": 80, ""Docker"": 73, ""Prometheus"": 84}",2,62.2,185000,60.0,Group_C,"Experienced Infrastructure specialist with 10.8 years working with Ansible, Docker, Prometheus, CI/CD."
CAND-0312,Infrastructure,8.8,"{""Docker"": 67, ""AWS"": 84, ""Terraform"": 78}","{""Python"": 83, ""Ansible"": 79, ""Docker"": 83, ""Prometheus"": 76}",1,45.0,165000,48.8,Group_D,"Experienced Infrastructure specialist with 8.8 years working with Docker, AWS, Terraform."
CAND-0313,Infrastructure,3.5,"{""Docker"": 69, ""Linux"": 85, ""Terraform"": 85, ""Python"": 97, ""Kubernetes"": 66, ""AWS"": 70}","{""AWS"": 76, ""Terraform"": 89, ""CI/CD"": 82}",2,52.6,131000,55.4,Group_D,"Experienced Infrastructure specialist with 3.5 years working with Docker, Linux, Terraform, Python, Kubernetes, AWS."
CAND-0314,Infrastructure,11.7,"{""Linux"": 85, ""AWS"": 91, ""Terraform"": 92, ""Ansible"": 77, ""Python"": 69}","{""Docker"": 85, ""Prometheus"": 77, ""CI/CD"": 90, ""Terraform"": 74}",1,45.0,185000,47.8,Group_A,"Experienced Infrastructure specialist with 11.7 years working with Linux, AWS, Terraform, Ansible, Python."
CAND-0315,Design,10.5,"{""Prototyping"": 79, ""Design Systems"": 66, ""User Research"": 64, ""UI/UX"": 93}","{""Wireframing"": 85, ""Prototyping"": 85, ""UI/UX"": 86, ""User Research"": 78}",3,71.9,187000,73.0,Group_A,"Experienced Design specialist with 10.5 years working with Prototyping, Design Systems, User Research, UI/UX."
CAND-0316,Engineering,14.9,"{""System Design"": 84, ""GraphQL"": 88, ""AWS"": 89}","{""React"": 75, ""JavaScript"": 85, ""Python"": 83}",0,45.0,207000,47.7,Group_D,"Experienced Engineering specialist with 14.9 years working with System Design, GraphQL, AWS."
CAND-0317,Engineering,9.0,"{""PostgreSQL"": 92, ""Docker"": 63, ""GraphQL"": 85, ""TypeScript"": 76, ""Python"": 91, ""Node.js"": 97}","{""Docker"": 71, ""AWS"": 70, ""Python"": 88, ""JavaScript"": 71}",2,48.3,167000,48.6,Group_A,"Experienced Engineering specialist with 9.0 years working with PostgreSQL, Docker, GraphQL, TypeScript, Python, Node.js."
CAND-0318,Infrastructure,6.3,"{""AWS"": 75, ""Prometheus"": 75, ""Terraform"": 79, ""CI/CD"": 97, ""Kubernetes"": 65, ""Docker"": 64}","{""Docker"": 87, ""AWS"": 80, ""Prometheus"": 71, ""Kubernetes"": 84}",4,85.0,163000,82.7,Group_D,"Experienced Infrastructure specialist with 6.3 years working with AWS, Prometheus, Terraform, CI/CD, Kubernetes, Docker."
CAND-0319,Infrastructure,1.3,"{""Kubernetes"": 96, ""AWS"": 66, ""Terraform"": 91, ""Python"": 66, ""Linux"": 73, ""CI/CD"": 81}","{""Prometheus"": 79, ""AWS"": 81, ""Docker"": 83, ""Python"": 76}",2,45.0,112000,48.5,Group_A,"Experienced Infrastructure specialist with 1.3 years working with Kubernetes, AWS, Terraform, Python, Linux, CI/CD."
CAND-0320,Analytics,4.0,"{""SQL"": 65, ""Tableau"": 97, ""Machine Learning"": 66, ""PowerBI"": 97, ""Data Modeling"": 81}","{""SQL"": 83, ""Machine Learning"": 76, ""Statistics"": 81, ""PowerBI"": 72}",3,64.3,139000,63.0,Group_C,"Experienced Analytics specialist with 4.0 years working with SQL, Tableau, Machine Learning, PowerBI, Data Modeling."
CAND-0321,Design,10.3,"{""UI/UX"": 92, ""Prototyping"": 89, ""HTML/CSS"": 95, ""User Research"": 71, ""Design Systems"": 61}","{""HTML/CSS"": 84, ""Design Systems"": 78, ""UI/UX"": 90, ""Prototyping"": 87, ""Figma"": 89}",4,78.3,188000,79.5,Group_A,"Experienced Design specialist with 10.3 years working with UI/UX, Prototyping, HTML/CSS, User Research, Design Systems."
CAND-0322,Analytics,3.8,"{""Python"": 80, ""Data Modeling"": 64, ""Statistics"": 73, ""Tableau"": 86, ""Machine Learning"": 77, ""PowerBI"": 78}","{""Python"": 77, ""Tableau"": 73, ""Machine Learning"": 74, ""Data Modeling"": 76, ""PowerBI"": 70}",5,77.5,143000,78.3,Group_D,"Experienced Analytics specialist with 3.8 years working with Python, Data Modeling, Statistics, Tableau, Machine Learning, PowerBI."
CAND-0323,Design,8.8,"{""Prototyping"": 68, ""HTML/CSS"": 61, ""Figma"": 76, ""UI/UX"": 77, ""Design Systems"": 95, ""Wireframing"": 71}","{""Wireframing"": 72, ""Figma"": 80, ""Prototyping"": 89, ""HTML/CSS"": 79, ""Design Systems"": 72}",5,90.7,183000,87.9,Group_C,"Experienced Design specialist with 8.8 years working with Prototyping, HTML/CSS, Figma, UI/UX, Design Systems, Wireframing."
CAND-0324,Engineering,6.6,"{""TypeScript"": 97, ""Node.js"": 93, ""PostgreSQL"": 76, ""Python"": 91}","{""TypeScript"": 80, ""Node.js"": 88, ""AWS"": 82}",2,63.5,157000,64.9,Group_D,"Experienced Engineering specialist with 6.6 years working with TypeScript, Node.js, PostgreSQL, Python."
CAND-0325,Product,3.0,"{""Roadmapping"": 76, ""SaaS"": 97, ""Wireframing"": 63, ""User Research"": 91}","{""User Research"": 85, ""Wireframing"": 77, ""Agile"": 78, ""SaaS"": 74, ""Roadmapping"": 81}",4,64.8,132000,63.8,Group_C,"Experienced Product specialist with 3.0 years working with Roadmapping, SaaS, Wireframing, User Research."
CAND-0326,Engineering,10.0,"{""React"": 95, ""TypeScript"": 84, ""Python"": 79}","{""AWS"": 82, ""Node.js"": 70, ""TypeScript"": 82, ""System Design"": 78, ""GraphQL"": 79}",1,45.0,173000,48.3,Group_B,"Experienced Engineering specialist with 10.0 years working with React, TypeScript, Python."
CAND-0327,Infrastructure,3.9,"{""Ansible"": 86, ""AWS"": 62, ""Linux"": 77, ""Prometheus"": 65}","{""Ansible"": 83, ""Linux"": 73, ""Prometheus"": 75, ""CI/CD"": 78}",3,62.8,137000,61.9,Group_C,"Experienced Infrastructure specialist with 3.9 years working with Ansible, AWS, Linux, Prometheus."
CAND-0328,Design,10.7,"{""HTML/CSS"": 88, ""Wireframing"": 68, ""UI/UX"": 60}","{""UI/UX"": 88, ""HTML/CSS"": 72, ""User Research"": 73, ""Design Systems"": 75}",2,51.8,181000,53.9,Group_B,"Experienced Design specialist with 10.7 years working with HTML/CSS, Wireframing, UI/UX."
CAND-0329,Analytics,10.6,"{""PowerBI"": 97, ""Data Modeling"": 80, ""Python"": 78, ""Tableau"": 72, ""SQL"": 65}","{""Tableau"": 88, ""Python"": 77, ""PowerBI"": 70, ""Machine Learning"": 70}",3,75.9,190000,75.7,Group_B,"Experienced Analytics specialist with 10.6 years working with PowerBI, Data Modeling, Python, Tableau, SQL."
CAND-0330,Engineering,14.6,"{""Python"": 87, ""JavaScript"": 98, ""React"": 76, ""TypeScript"": 69}","{""AWS"": 70, ""JavaScript"": 86, ""Node.js"": 83}",1,50.5,207000,54.0,Group_D,"Experienced Engineering specialist with 14.6 years working with Python, JavaScript, React, TypeScript."
CAND-0331,Engineering,4.1,"{""TypeScript"": 91, ""Python"": 84, ""PostgreSQL"": 68, ""AWS"": 87}","{""Docker"": 76, ""TypeScript"": 83, ""Python"": 75}",2,56.2,136000,54.6,Group_C,"Experienced Engineering specialist with 4.1 years working with TypeScript, Python, PostgreSQL, AWS."
CAND-0332,Infrastructure,4.3,"{""Terraform"": 60, ""AWS"": 90, ""Python"": 68, ""Ansible"": 80, ""Prometheus"": 85, ""Kubernetes"": 73}","{""Linux"": 72, ""Prometheus"": 73, ""AWS"": 87, ""Python"": 71, ""CI/CD"": 71}",3,51.1,136000,50.4,Group_C,"Experienced Infrastructure specialist with 4.3 years working with Terraform, AWS, Python, Ansible, Prometheus, Kubernetes."
CAND-0333,Analytics,14.2,"{""SQL"": 84, ""Tableau"": 79, ""Machine Learning"": 85}","{""Tableau"": 75, ""Python"": 78, ""Machine Learning"": 75, ""SQL"": 86, ""Data Modeling"": 85}",3,70.2,212000,71.9,Group_B,"Experienced Analytics specialist with 14.2 years working with SQL, Tableau, Machine Learning."
CAND-0334,Engineering,5.4,"{""JavaScript"": 91, ""Python"": 77, ""Node.js"": 83, ""Docker"": 87, ""React"": 78, ""GraphQL"": 76}","{""Python"": 80, ""PostgreSQL"": 85, ""AWS"": 74, ""TypeScript"": 87, ""Node.js"": 90}",2,45.0,141000,43.7,Group_B,"Experienced Engineering specialist with 5.4 years working with JavaScript, Python, Node.js, Docker, React, GraphQL."
CAND-0335,Engineering,4.2,"{""GraphQL"": 89, ""Python"": 87, ""JavaScript"": 67}","{""React"": 87, ""GraphQL"": 85, ""AWS"": 84, ""PostgreSQL"": 85}",1,45.0,132000,47.7,Group_B,"Experienced Engineering specialist with 4.2 years working with GraphQL, Python, JavaScript."
CAND-0336,Engineering,5.9,"{""Python"": 92, ""JavaScript"": 77, ""PostgreSQL"": 96, ""AWS"": 97}","{""Docker"": 83, ""React"": 72, ""JavaScript"": 77}",1,45.0,144000,47.5,Group_C,"Experienced Engineering specialist with 5.9 years working with Python, JavaScript, PostgreSQL, AWS."
CAND-0337,Engineering,5.0,"{""System Design"": 80, ""AWS"": 69, ""Node.js"": 61}","{""GraphQL"": 90, ""Docker"": 78, ""PostgreSQL"": 89}",0,45.0,138000,45.4,Group_A,"Experienced Engineering specialist with 5.0 years working with System Design, AWS, Node.js."
CAND-0338,Analytics,14.3,"{""Statistics"": 63, ""Data Modeling"": 78, ""Machine Learning"": 80, ""Python"": 63, ""SQL"": 64}","{""Machine Learning"": 75, ""PowerBI"": 77, ""SQL"": 82, ""Statistics"": 72, ""Python"": 70}",4,83.6,219000,79.9,Group_D,"Experienced Analytics specialist with 14.3 years working with Statistics, Data Modeling, Machine Learning, Python, SQL."
CAND-0339,Infrastructure,10.1,"{""Docker"": 79, ""Python"": 98, ""Terraform"": 68, ""Linux"": 82}","{""Docker"": 84, ""AWS"": 82, ""Python"": 85, ""Prometheus"": 78, ""Terraform"": 88}",3,61.5,180000,59.1,Group_D,"Experienced Infrastructure specialist with 10.1 years working with Docker, Python, Terraform, Linux."
CAND-0340,Infrastructure,9.6,"{""Linux"": 74, ""Docker"": 69, ""Kubernetes"": 91, ""Python"": 93, ""CI/CD"": 93, ""Terraform"": 65}","{""Ansible"": 79, ""Linux"": 74, ""Kubernetes"": 74, ""Terraform"": 79}",3,73.7,182000,72.9,Group_C,"Experienced Infrastructure specialist with 9.6 years working with Linux, Docker, Kubernetes, Python, CI/CD, Terraform."
CAND-0341,Analytics,1.7,"{""SQL"": 92, ""Machine Learning"": 87, ""Data Modeling"": 86}","{""PowerBI"": 78, ""Statistics"": 81, ""Machine Learning"": 78}",1,45.0,115000,48.0,Group_A,"Experienced Analytics specialist with 1.7 years working with SQL, Machine Learning, Data Modeling."
CAND-0342,Engineering,11.4,"{""JavaScript"": 79, ""Docker"": 80, ""System Design"": 97, ""React"": 89, ""GraphQL"": 88, ""TypeScript"": 76}","{""JavaScript"": 89, ""TypeScript"": 78, ""Docker"": 73, ""React"": 83}",4,90.5,201000,85.3,Group_A,"Experienced Engineering specialist with 11.4 years working with JavaScript, Docker, System Design, React, GraphQL, TypeScript."
CAND-0343,Engineering,3.4,"{""GraphQL"": 83, ""System Design"": 85, ""Docker"": 79, ""JavaScript"": 65, ""Python"": 68, ""AWS"": 68}","{""TypeScript"": 76, ""Node.js"": 70, ""React"": 76}",0,45.0,127000,44.3,Group_B,"Experienced Engineering specialist with 3.4 years working with GraphQL, System Design, Docker, JavaScript, Python, AWS."
CAND-0344,Design,12.8,"{""Figma"": 90, ""User Research"": 87, ""Prototyping"": 61, ""UI/UX"": 67}","{""UI/UX"": 85, ""HTML/CSS"": 85, ""Prototyping"": 70}",2,72.3,204000,72.0,Group_B,"Experienced Design specialist with 12.8 years working with Figma, User Research, Prototyping, UI/UX."
CAND-0345,Infrastructure,9.0,"{""Kubernetes"": 91, ""AWS"": 97, ""Prometheus"": 98, ""Linux"": 95, ""Terraform"": 78, ""Python"": 62}","{""Linux"": 89, ""Ansible"": 85, ""Python"": 77, ""Prometheus"": 71}",3,69.8,176000,68.7,Group_C,"Experienced Infrastructure specialist with 9.0 years working with Kubernetes, AWS, Prometheus, Linux, Terraform, Python."
CAND-0346,Analytics,1.9,"{""PowerBI"": 61, ""SQL"": 70, ""Data Modeling"": 78, ""Tableau"": 72, ""Python"": 90, ""Machine Learning"": 82}","{""Python"": 89, ""Machine Learning"": 84, ""Data Modeling"": 74, ""Tableau"": 79}",4,79.8,130000,77.8,Group_D,"Experienced Analytics specialist with 1.9 years working with PowerBI, SQL, Data Modeling, Tableau, Python, Machine Learning."
CAND-0347,Infrastructure,12.1,"{""Terraform"": 65, ""Python"": 90, ""AWS"": 68, ""Linux"": 71}","{""CI/CD"": 83, ""Ansible"": 85, ""Kubernetes"": 79}",0,45.0,188000,46.7,Group_A,"Experienced Infrastructure specialist with 12.1 years working with Terraform, Python, AWS, Linux."
CAND-0348,Infrastructure,13.3,"{""CI/CD"": 64, ""Prometheus"": 81, ""Linux"": 87, ""Python"": 67, ""Kubernetes"": 74}","{""Prometheus"": 78, ""Terraform"": 80, ""Ansible"": 81}",1,48.8,198000,51.5,Group_C,"Experienced Infrastructure specialist with 13.3 years working with CI/CD, Prometheus, Linux, Python, Kubernetes."
CAND-0349,Product,12.9,"{""Agile"": 67, ""Roadmapping"": 66, ""Scrum"": 66}","{""Agile"": 76, ""Analytics"": 81, ""Wireframing"": 75, ""Product Strategy"": 79, ""User Research"": 84}",1,45.0,193000,46.4,Group_A,"Experienced Product specialist with 12.9 years working with Agile, Roadmapping, Scrum."
CAND-0350,Product,10.1,"{""SaaS"": 60, ""Agile"": 75, ""Product Strategy"": 90, ""Roadmapping"": 81, ""Analytics"": 78}","{""SaaS"": 81, ""Agile"": 90, ""Wireframing"": 77, ""User Research"": 74, ""Roadmapping"": 86}",3,59.7,180000,58.3,Group_D,"Experienced Product specialist with 10.1 years working with SaaS, Agile, Product Strategy, Roadmapping, Analytics."
CAND-0351,Design,13.9,"{""Wireframing"": 60, ""Design Systems"": 93, ""User Research"": 64, ""Figma"": 65, ""UI/UX"": 81, ""Prototyping"": 80}","{""Wireframing"": 82, ""UI/UX"": 71, ""Prototyping"": 90, ""Figma"": 74}",4,97.6,221000,92.1,Group_C,"Experienced Design specialist with 13.9 years working with Wireframing, Design Systems, User Research, Figma, UI/UX, Prototyping."
CAND-0352,Design,6.6,"{""HTML/CSS"": 77, ""Wireframing"": 93, ""User Research"": 69, ""Design Systems"": 85, ""Figma"": 88}","{""UI/UX"": 81, ""Design Systems"": 90, ""HTML/CSS"": 82, ""Prototyping"": 76, ""User Research"": 79}",3,51.6,152000,52.7,Group_D,"Experienced Design specialist with 6.6 years working with HTML/CSS, Wireframing, User Research, Design Systems, Figma."
CAND-0353,Product,8.3,"{""Roadmapping"": 93, ""Agile"": 81, ""Analytics"": 70, ""User Research"": 61, ""SaaS"": 61}","{""Analytics"": 71, ""Product Strategy"": 81, ""SaaS"": 78, ""Roadmapping"": 90, ""Agile"": 86}",4,70.6,171000,67.2,Group_A,"Experienced Product specialist with 8.3 years working with Roadmapping, Agile, Analytics, User Research, SaaS."
CAND-0354,Design,5.2,"{""Prototyping"": 97, ""User Research"": 96, ""UI/UX"": 94}","{""UI/UX"": 88, ""User Research"": 74, ""HTML/CSS"": 82, ""Design Systems"": 86, ""Prototyping"": 77}",3,50.0,141000,51.1,Group_B,"Experienced Design specialist with 5.2 years working with Prototyping, User Research, UI/UX."
CAND-0355,Infrastructure,7.4,"{""Linux"": 63, ""Prometheus"": 87, ""Kubernetes"": 68, ""Ansible"": 90}","{""Ansible"": 86, ""Docker"": 82, ""CI/CD"": 88}",1,45.0,155000,48.1,Group_C,"Experienced Infrastructure specialist with 7.4 years working with Linux, Prometheus, Kubernetes, Ansible."
CAND-0356,Analytics,8.0,"{""PowerBI"": 92, ""Statistics"": 68, ""Data Modeling"": 91, ""Machine Learning"": 89, ""SQL"": 68, ""Tableau"": 92}","{""SQL"": 71, ""Statistics"": 75, ""Python"": 87, ""PowerBI"": 81, ""Machine Learning"": 73}",4,72.7,170000,71.3,Group_A,"Experienced Analytics specialist with 8.0 years working with PowerBI, Statistics, Data Modeling, Machine Learning, SQL, Tableau."
CAND-0357,Infrastructure,9.0,"{""Prometheus"": 83, ""CI/CD"": 79, ""Kubernetes"": 83}","{""Python"": 74, ""Ansible"": 88, ""Kubernetes"": 83, ""Docker"": 71}",1,45.0,166000,45.2,Group_C,"Experienced Infrastructure specialist with 9.0 years working with Prometheus, CI/CD, Kubernetes."
CAND-0358,Product,3.6,"{""Agile"": 86, ""Wireframing"": 90, ""Analytics"": 96, ""SaaS"": 79, ""Scrum"": 96, ""Roadmapping"": 88}","{""Scrum"": 74, ""Roadmapping"": 74, ""User Research"": 86, ""Analytics"": 90}",3,61.9,135000,61.6,Group_D,"Experienced Product specialist with 3.6 years working with Agile, Wireframing, Analytics, SaaS, Scrum, Roadmapping."
CAND-0359,Product,13.1,"{""Product Strategy"": 84, ""Scrum"": 74, ""Analytics"": 85, ""User Research"": 81, ""Roadmapping"": 94}","{""Wireframing"": 90, ""User Research"": 72, ""SaaS"": 75}",1,47.9,196000,49.5,Group_C,"Experienced Product specialist with 13.1 years working with Product Strategy, Scrum, Analytics, User Research, Roadmapping."
CAND-0360,Analytics,10.0,"{""Python"": 96, ""Machine Learning"": 63, ""Statistics"": 96}","{""Python"": 87, ""PowerBI"": 75, ""Machine Learning"": 70, ""SQL"": 78, ""Statistics"": 76}",3,57.8,178000,59.4,Group_D,"Experienced Analytics specialist with 10.0 years working with Python, Machine Learning, Statistics."
CAND-0361,Engineering,12.3,"{""System Design"": 81, ""React"": 87, ""GraphQL"": 71, ""Docker"": 86, ""PostgreSQL"": 61}","{""AWS"": 73, ""System Design"": 87, ""Python"": 75, ""React"": 79, ""PostgreSQL"": 74}",3,60.2,195000,62.0,Group_B,"Experienced Engineering specialist with 12.3 years working with System Design, React, GraphQL, Docker, PostgreSQL."
CAND-0362,Infrastructure,14.3,"{""Kubernetes"": 63, ""AWS"": 79, ""Docker"": 84, ""Prometheus"": 66}","{""CI/CD"": 82, ""Linux"": 73, ""Prometheus"": 71, ""Ansible"": 76}",1,45.0,203000,47.0,Group_B,"Experienced Infrastructure specialist with 14.3 years working with Kubernetes, AWS, Docker, Prometheus."
CAND-0363,Design,8.1,"{""Figma"": 64, ""User Research"": 90, ""Wireframing"": 61, ""HTML/CSS"": 86, ""UI/UX"": 74, ""Prototyping"": 61}","{""Design Systems"": 87, ""Wireframing"": 90, ""Figma"": 74, ""UI/UX"": 79}",3,69.0,169000,68.2,Group_B,"Experienced Design specialist with 8.1 years working with Figma, User Research, Wireframing, HTML/CSS, UI/UX, Prototyping."
CAND-0364,Product,6.2,"{""Roadmapping"": 88, ""Analytics"": 62, ""Wireframing"": 60, ""Scrum"": 89}","{""Analytics"": 85, ""User Research"": 78, ""Product Strategy"": 89, ""Agile"": 78, ""Wireframing"": 82}",2,46.3,147000,49.7,Group_B,"Experienced Product specialist with 6.2 years working with Roadmapping, Analytics, Wireframing, Scrum."
CAND-0365,Analytics,12.8,"{""SQL"": 65, ""Python"": 85, ""Machine Learning"": 67, ""Data Modeling"": 68, ""Statistics"": 95}","{""PowerBI"": 80, ""Python"": 90, ""Machine Learning"": 78, ""Tableau"": 84}",2,54.8,197000,56.4,Group_C,"Experienced Analytics specialist with 12.8 years working with SQL, Python, Machine Learning, Data Modeling, Statistics."
CAND-0366,Infrastructure,3.9,"{""Kubernetes"": 90, ""CI/CD"": 60, ""AWS"": 60, ""Prometheus"": 71, ""Python"": 86}","{""Ansible"": 87, ""Linux"": 70, ""Python"": 84, ""Kubernetes"": 73, ""AWS"": 81}",3,56.9,135000,56.6,Group_C,"Experienced Infrastructure specialist with 3.9 years working with Kubernetes, CI/CD, AWS, Prometheus, Python."
CAND-0367,Design,3.5,"{""Figma"": 72, ""Prototyping"": 88, ""User Research"": 60}","{""HTML/CSS"": 81, ""Figma"": 76, ""User Research"": 72}",2,59.5,133000,60.5,Group_B,"Experienced Design specialist with 3.5 years working with Figma, Prototyping, User Research."
CAND-0368,Product,14.7,"{""Agile"": 60, ""SaaS"": 72, ""Roadmapping"": 85, ""Analytics"": 67, ""Product Strategy"": 77}","{""Wireframing"": 72, ""Product Strategy"": 88, ""Analytics"": 74, ""Scrum"": 72, ""User Research"": 74}",2,50.2,208000,51.6,Group_B,"Experienced Product specialist with 14.7 years working with Agile, SaaS, Roadmapping, Analytics, Product Strategy."
CAND-0369,Analytics,11.2,"{""Python"": 95, ""Statistics"": 89, ""SQL"": 60, ""Tableau"": 87, ""PowerBI"": 63}","{""PowerBI"": 86, ""Data Modeling"": 84, ""Tableau"": 85, ""SQL"": 81}",3,72.6,192000,69.1,Group_B,"Experienced Analytics specialist with 11.2 years working with Python, Statistics, SQL, Tableau, PowerBI."
CAND-0370,Engineering,4.9,"{""PostgreSQL"": 81, ""GraphQL"": 65, ""AWS"": 96, ""React"": 61, ""TypeScript"": 74, ""Node.js"": 87}","{""TypeScript"": 80, ""Docker"": 79, ""JavaScript"": 72}",1,45.0,137000,44.0,Group_D,"Experienced Engineering specialist with 4.9 years working with PostgreSQL, GraphQL, AWS, React, TypeScript, Node.js."
CAND-0371,Design,12.3,"{""Wireframing"": 75, ""User Research"": 81, ""UI/UX"": 63, ""Figma"": 81, ""Design Systems"": 93}","{""Figma"": 84, ""Design Systems"": 73, ""HTML/CSS"": 90}",2,67.5,198000,64.8,Group_A,"Experienced Design specialist with 12.3 years working with Wireframing, User Research, UI/UX, Figma, Design Systems."
CAND-0372,Engineering,6.3,"{""JavaScript"": 63, ""React"": 79, ""GraphQL"": 87}","{""Node.js"": 79, ""React"": 82, ""PostgreSQL"": 82}",1,45.0,147000,47.9,Group_B,"Experienced Engineering specialist with 6.3 years working with JavaScript, React, GraphQL."
CAND-0373,Analytics,12.0,"{""PowerBI"": 87, ""Data Modeling"": 66, ""Statistics"": 81}","{""Statistics"": 76, ""SQL"": 73, ""PowerBI"": 73, ""Tableau"": 70, ""Machine Learning"": 89}",2,51.1,189000,52.6,Group_B,"Experienced Analytics specialist with 12.0 years working with PowerBI, Data Modeling, Statistics."
CAND-0374,Analytics,2.8,"{""Tableau"": 75, ""PowerBI"": 68, ""Statistics"": 62, ""Machine Learning"": 63, ""SQL"": 68}","{""Machine Learning"": 79, ""PowerBI"": 88, ""Data Modeling"": 87, ""Tableau"": 74}",3,57.7,128000,56.9,Group_C,"Experienced Analytics specialist with 2.8 years working with Tableau, PowerBI, Statistics, Machine Learning, SQL."
CAND-0375,Infrastructure,6.2,"{""Prometheus"": 75, ""CI/CD"": 92, ""Kubernetes"": 95}","{""Linux"": 76, ""AWS"": 90, ""Docker"": 76}",0,45.0,146000,45.4,Group_D,"Experienced Infrastructure specialist with 6.2 years working with Prometheus, CI/CD, Kubernetes."
CAND-0376,Design,9.4,"{""Wireframing"": 79, ""Design Systems"": 86, ""HTML/CSS"": 81, ""User Research"": 70, ""Prototyping"": 66}","{""Wireframing"": 70, ""Figma"": 90, ""Prototyping"": 77, ""UI/UX"": 77}",2,52.2,172000,51.3,Group_D,"Experienced Design specialist with 9.4 years working with Wireframing, Design Systems, HTML/CSS, User Research, Prototyping."
CAND-0377,Infrastructure,12.3,"{""Terraform"": 64, ""Linux"": 82, ""Docker"": 61, ""Kubernetes"": 95, ""CI/CD"": 67, ""AWS"": 69}","{""Ansible"": 81, ""Terraform"": 71, ""AWS"": 70, ""Python"": 76}",2,53.4,192000,52.2,Group_C,"Experienced Infrastructure specialist with 12.3 years working with Terraform, Linux, Docker, Kubernetes, CI/CD, AWS."
CAND-0378,Product,5.8,"{""SaaS"": 76, ""Product Strategy"": 66, ""Agile"": 61, ""Scrum"": 68}","{""Product Strategy"": 84, ""SaaS"": 77, ""Wireframing"": 81, ""Scrum"": 81}",3,66.8,152000,69.1,Group_D,"Experienced Product specialist with 5.8 years working with SaaS, Product Strategy, Agile, Scrum."
CAND-0379,Engineering,2.7,"{""TypeScript"": 83, ""Docker"": 80, ""System Design"": 98, ""AWS"": 87}","{""TypeScript"": 79, ""React"": 74, ""Docker"": 80, ""System Design"": 77, ""Python"": 71}",3,51.9,125000,51.4,Group_B,"Experienced Engineering specialist with 2.7 years working with TypeScript, Docker, System Design, AWS."
CAND-0380,Analytics,14.6,"{""Python"": 70, ""Statistics"": 92, ""SQL"": 84, ""PowerBI"": 92, ""Tableau"": 83, ""Machine Learning"": 91}","{""PowerBI"": 85, ""Python"": 85, ""Tableau"": 85, ""Machine Learning"": 78, ""Data Modeling"": 88}",4,79.5,219000,80.7,Group_A,"Experienced Analytics specialist with 14.6 years working with Python, Statistics, SQL, PowerBI, Tableau, Machine Learning."
CAND-0381,Product,4.1,"{""Wireframing"": 73, ""Scrum"": 79, ""Product Strategy"": 87, ""Roadmapping"": 84}","{""SaaS"": 74, ""Scrum"": 72, ""Wireframing"": 79, ""User Research"": 84, ""Agile"": 86}",2,45.0,132000,46.9,Group_D,"Experienced Product specialist with 4.1 years working with Wireframing, Scrum, Product Strategy, Roadmapping."
CAND-0382,Analytics,9.7,"{""PowerBI"": 80, ""Data Modeling"": 77, ""Statistics"": 84, ""Machine Learning"": 61, ""Python"": 71, ""Tableau"": 88}","{""Tableau"": 81, ""Statistics"": 72, ""SQL"": 79}",2,68.0,180000,67.6,Group_A,"Experienced Analytics specialist with 9.7 years working with PowerBI, Data Modeling, Statistics, Machine Learning, Python, Tableau."
CAND-0383,Infrastructure,14.0,"{""Docker"": 62, ""Prometheus"": 94, ""CI/CD"": 72}","{""Terraform"": 78, ""AWS"": 76, ""CI/CD"": 89, ""Linux"": 74}",1,46.2,201000,49.0,Group_C,"Experienced Infrastructure specialist with 14.0 years working with Docker, Prometheus, CI/CD."
CAND-0384,Engineering,11.8,"{""AWS"": 60, ""System Design"": 90, ""PostgreSQL"": 92, ""GraphQL"": 69, ""Python"": 85}","{""TypeScript"": 77, ""Docker"": 86, ""GraphQL"": 88}",1,46.9,186000,49.7,Group_D,"Experienced Engineering specialist with 11.8 years working with AWS, System Design, PostgreSQL, GraphQL, Python."
CAND-0385,Infrastructure,12.1,"{""Terraform"": 73, ""Linux"": 88, ""Ansible"": 88, ""AWS"": 95, ""Prometheus"": 61}","{""CI/CD"": 70, ""Prometheus"": 85, ""Ansible"": 81, ""AWS"": 80}",3,70.9,198000,69.8,Group_D,"Experienced Infrastructure specialist with 12.1 years working with Terraform, Linux, Ansible, AWS, Prometheus."
CAND-0386,Analytics,5.2,"{""Machine Learning"": 69, ""SQL"": 81, ""Python"": 96}","{""Data Modeling"": 76, ""Machine Learning"": 82, ""Statistics"": 72, ""PowerBI"": 87, ""Python"": 82}",2,45.0,139000,44.1,Group_D,"Experienced Analytics specialist with 5.2 years working with Machine Learning, SQL, Python."
CAND-0387,Infrastructure,2.3,"{""Prometheus"": 98, ""CI/CD"": 91, ""Kubernetes"": 61}","{""Terraform"": 79, ""Docker"": 76, ""Prometheus"": 77}",1,45.0,119000,46.5,Group_D,"Experienced Infrastructure specialist with 2.3 years working with Prometheus, CI/CD, Kubernetes."
CAND-0388,Engineering,6.2,"{""JavaScript"": 85, ""AWS"": 70, ""System Design"": 67}","{""PostgreSQL"": 72, ""System Design"": 82, ""GraphQL"": 76}",1,45.0,146000,44.6,Group_D,"Experienced Engineering specialist with 6.2 years working with JavaScript, AWS, System Design."
CAND-0389,Design,3.2,"{""Design Systems"": 72, ""UI/UX"": 60, ""Wireframing"": 69, ""Prototyping"": 88, ""HTML/CSS"": 64}","{""Design Systems"": 88, ""UI/UX"": 85, ""Wireframing"": 84, ""User Research"": 84}",3,62.5,132000,63.9,Group_C,"Experienced Design specialist with 3.2 years working with Design Systems, UI/UX, Wireframing, Prototyping, HTML/CSS."
CAND-0390,Design,5.9,"{""Prototyping"": 71, ""Design Systems"": 87, ""UI/UX"": 89, ""Wireframing"": 84, ""Figma"": 71}","{""Design Systems"": 75, ""Figma"": 78, ""Prototyping"": 90, ""HTML/CSS"": 87, ""Wireframing"": 79}",4,70.5,154000,67.3,Group_B,"Experienced Design specialist with 5.9 years working with Prototyping, Design Systems, UI/UX, Wireframing, Figma."
CAND-0391,Design,6.8,"{""User Research"": 92, ""Figma"": 80, ""HTML/CSS"": 86}","{""UI/UX"": 84, ""User Research"": 70, ""Wireframing"": 72, ""Figma"": 90}",2,51.0,153000,53.4,Group_D,"Experienced Design specialist with 6.8 years working with User Research, Figma, HTML/CSS."
CAND-0392,Infrastructure,11.4,"{""Linux"": 67, ""Kubernetes"": 68, ""Ansible"": 80, ""CI/CD"": 89}","{""Ansible"": 77, ""Docker"": 84, ""Kubernetes"": 74, ""Python"": 85}",2,58.4,188000,60.8,Group_B,"Experienced Infrastructure specialist with 11.4 years working with Linux, Kubernetes, Ansible, CI/CD."
CAND-0393,Engineering,9.5,"{""Python"": 64, ""Node.js"": 60, ""System Design"": 77, ""PostgreSQL"": 69}","{""AWS"": 71, ""JavaScript"": 87, ""TypeScript"": 76, ""Docker"": 84}",0,45.0,170000,48.4,Group_A,"Experienced Engineering specialist with 9.5 years working with Python, Node.js, System Design, PostgreSQL."
CAND-0394,Design,10.7,"{""Figma"": 75, ""Design Systems"": 83, ""Wireframing"": 75, ""HTML/CSS"": 72, ""UI/UX"": 65, ""Prototyping"": 61}","{""Figma"": 72, ""Wireframing"": 77, ""User Research"": 73, ""UI/UX"": 75}",3,74.0,190000,70.3,Group_A,"Experienced Design specialist with 10.7 years working with Figma, Design Systems, Wireframing, HTML/CSS, UI/UX, Prototyping."
CAND-0395,Infrastructure,5.5,"{""Terraform"": 74, ""Linux"": 73, ""Prometheus"": 66, ""Kubernetes"": 82}","{""CI/CD"": 80, ""Kubernetes"": 70, ""Terraform"": 82, ""AWS"": 76}",2,46.9,142000,45.5,Group_C,"Experienced Infrastructure specialist with 5.5 years working with Terraform, Linux, Prometheus, Kubernetes."
CAND-0396,Analytics,6.2,"{""Python"": 98, ""PowerBI"": 91, ""Tableau"": 66}","{""Machine Learning"": 89, ""Data Modeling"": 80, ""Python"": 90, ""Tableau"": 82, ""SQL"": 74}",2,45.0,146000,47.2,Group_C,"Experienced Analytics specialist with 6.2 years working with Python, PowerBI, Tableau."
CAND-0397,Design,1.9,"{""Design Systems"": 84, ""Wireframing"": 92, ""Prototyping"": 74}","{""Design Systems"": 89, ""HTML/CSS"": 73, ""Figma"": 79, ""UI/UX"": 77, ""Wireframing"": 83}",2,45.0,116000,47.1,Group_A,"Experienced Design specialist with 1.9 years working with Design Systems, Wireframing, Prototyping."
CAND-0398,Product,6.2,"{""Roadmapping"": 75, ""Product Strategy"": 98, ""Wireframing"": 88, ""Scrum"": 81, ""Agile"": 68}","{""User Research"": 83, ""Wireframing"": 90, ""Agile"": 79, ""Analytics"": 70}",2,45.6,147000,48.3,Group_C,"Experienced Product specialist with 6.2 years working with Roadmapping, Product Strategy, Wireframing, Scrum, Agile."
CAND-0399,Product,3.9,"{""Roadmapping"": 74, ""Scrum"": 98, ""User Research"": 84}","{""User Research"": 85, ""Product Strategy"": 72, ""Roadmapping"": 76, ""Agile"": 71, ""Analytics"": 90}",2,45.0,130000,49.0,Group_B,"Experienced Product specialist with 3.9 years working with Roadmapping, Scrum, User Research."
CAND-0400,Engineering,3.4,"{""TypeScript"": 89, ""PostgreSQL"": 79, ""Node.js"": 70, ""Docker"": 72}","{""System Design"": 79, ""JavaScript"": 79, ""TypeScript"": 88}",1,45.0,127000,47.2,Group_C,"Experienced Engineering specialist with 3.4 years working with TypeScript, PostgreSQL, Node.js, Docker."
CAND-0401,Design,2.1,"{""Prototyping"": 87, ""Wireframing"": 92, ""UI/UX"": 87, ""HTML/CSS"": 69, ""Design Systems"": 90}","{""Wireframing"": 72, ""Prototyping"": 79, ""HTML/CSS"": 89}",3,78.2,131000,77.3,Group_B,"Experienced Design specialist with 2.1 years working with Prototyping, Wireframing, UI/UX, HTML/CSS, Design Systems."
CAND-0402,Infrastructure,6.3,"{""Ansible"": 90, ""Python"": 64, ""Terraform"": 81, ""Prometheus"": 68, ""AWS"": 90}","{""CI/CD"": 70, ""Terraform"": 86, ""Kubernetes"": 81}",1,45.0,147000,49.0,Group_D,"Experienced Infrastructure specialist with 6.3 years working with Ansible, Python, Terraform, Prometheus, AWS."
CAND-0403,Infrastructure,6.4,"{""Docker"": 96, ""Linux"": 70, ""Kubernetes"": 72, ""Ansible"": 87, ""Terraform"": 76}","{""AWS"": 71, ""Ansible"": 90, ""Prometheus"": 82, ""Linux"": 83, ""CI/CD"": 77}",2,45.0,148000,43.6,Group_C,"Experienced Infrastructure specialist with 6.4 years working with Docker, Linux, Kubernetes, Ansible, Terraform."
CAND-0404,Engineering,10.8,"{""Python"": 75, ""GraphQL"": 98, ""JavaScript"": 97, ""PostgreSQL"": 70}","{""Node.js"": 82, ""Docker"": 88, ""System Design"": 72}",0,45.0,179000,44.5,Group_D,"Experienced Engineering specialist with 10.8 years working with Python, GraphQL, JavaScript, PostgreSQL."
CAND-0405,Product,12.6,"{""Analytics"": 86, ""Wireframing"": 65, ""Scrum"": 66, ""Roadmapping"": 96, ""SaaS"": 82}","{""Analytics"": 82, ""User Research"": 79, ""Product Strategy"": 70}",1,50.0,193000,52.9,Group_A,"Experienced Product specialist with 12.6 years working with Analytics, Wireframing, Scrum, Roadmapping, SaaS."
CAND-0406,Engineering,2.0,"{""PostgreSQL"": 71, ""System Design"": 83, ""Python"": 71, ""AWS"": 68, ""TypeScript"": 72, ""Node.js"": 91}","{""PostgreSQL"": 88, ""Node.js"": 76, ""GraphQL"": 75}",2,51.3,120000,53.7,Group_B,"Experienced Engineering specialist with 2.0 years working with PostgreSQL, System Design, Python, AWS, TypeScript, Node.js."
CAND-0407,Infrastructure,14.8,"{""Ansible"": 78, ""Docker"": 65, ""Linux"": 84, ""AWS"": 67, ""Prometheus"": 77, ""Kubernetes"": 64}","{""Kubernetes"": 73, ""Terraform"": 70, ""Ansible"": 71, ""Linux"": 78}",3,79.8,221000,75.5,Group_A,"Experienced Infrastructure specialist with 14.8 years working with Ansible, Docker, Linux, AWS, Prometheus, Kubernetes."
CAND-0408,Engineering,4.0,"{""System Design"": 91, ""PostgreSQL"": 90, ""Python"": 81}","{""System Design"": 80, ""AWS"": 77, ""PostgreSQL"": 81, ""GraphQL"": 82, ""JavaScript"": 82}",2,45.0,131000,49.3,Group_C,"Experienced Engineering specialist with 4.0 years working with System Design, PostgreSQL, Python."
CAND-0409,Engineering,1.0,"{""JavaScript"": 75, ""React"": 83, ""Node.js"": 88, ""System Design"": 90, ""Python"": 92, ""Docker"": 86}","{""TypeScript"": 81, ""React"": 71, ""AWS"": 80, ""PostgreSQL"": 84, ""GraphQL"": 77}",1,45.0,110000,45.8,Group_A,"Experienced Engineering specialist with 1.0 years working with JavaScript, React, Node.js, System Design, Python, Docker."
CAND-0410,Infrastructure,7.0,"{""Docker"": 93, ""Linux"": 96, ""CI/CD"": 92, ""Python"": 62, ""Prometheus"": 68, ""AWS"": 91}","{""Python"": 84, ""Ansible"": 73, ""Docker"": 85}",2,62.6,159000,61.0,Group_B,"Experienced Infrastructure specialist with 7.0 years working with Docker, Linux, CI/CD, Python, Prometheus, AWS."
CAND-0411,Product,11.5,"{""Product Strategy"": 61, ""Roadmapping"": 70, ""User Research"": 80}","{""Analytics"": 85, ""Product Strategy"": 73, ""User Research"": 74, ""SaaS"": 87}",2,56.7,188000,57.1,Group_C,"Experienced Product specialist with 11.5 years working with Product Strategy, Roadmapping, User Research."
CAND-0412,Product,14.0,"{""User Research"": 84, ""Roadmapping"": 95, ""Wireframing"": 87}","{""Roadmapping"": 79, ""SaaS"": 72, ""Agile"": 73}",1,45.0,201000,47.8,Group_B,"Experienced Product specialist with 14.0 years working with User Research, Roadmapping, Wireframing."
CAND-0413,Engineering,9.0,"{""AWS"": 63, ""System Design"": 97, ""React"": 94, ""JavaScript"": 72}","{""System Design"": 74, ""AWS"": 86, ""PostgreSQL"": 89, ""Docker"": 88}",2,49.2,168000,49.6,Group_D,"Experienced Engineering specialist with 9.0 years working with AWS, System Design, React, JavaScript."
CAND-0414,Infrastructure,3.0,"{""Terraform"": 98, ""Ansible"": 78, ""AWS"": 69, ""Prometheus"": 62, ""Docker"": 98}","{""Python"": 88, ""Docker"": 85, ""CI/CD"": 90, ""AWS"": 76}",2,45.0,124000,47.6,Group_D,"Experienced Infrastructure specialist with 3.0 years working with Terraform, Ansible, AWS, Prometheus, Docker."
CAND-0415,Engineering,14.7,"{""JavaScript"": 63, ""TypeScript"": 71, ""PostgreSQL"": 91, ""AWS"": 85, ""System Design"": 79}","{""JavaScript"": 85, ""React"": 81, ""System Design"": 82, ""Docker"": 82, ""TypeScript"": 72}",3,66.9,215000,65.2,Group_B,"Experienced Engineering specialist with 14.7 years working with JavaScript, TypeScript, PostgreSQL, AWS, System Design."
CAND-0416,Analytics,6.5,"{""Tableau"": 89, ""Machine Learning"": 70, ""SQL"": 96, ""Data Modeling"": 68}","{""Statistics"": 76, ""PowerBI"": 76, ""Tableau"": 76, ""Python"": 90}",1,45.0,148000,47.8,Group_A,"Experienced Analytics specialist with 6.5 years working with Tableau, Machine Learning, SQL, Data Modeling."
CAND-0417,Product,6.3,"{""SaaS"": 63, ""Agile"": 67, ""Scrum"": 92, ""Wireframing"": 81, ""Roadmapping"": 97, ""User Research"": 87}","{""Scrum"": 73, ""Product Strategy"": 77, ""Agile"": 82}",2,60.0,153000,61.3,Group_B,"Experienced Product specialist with 6.3 years working with SaaS, Agile, Scrum, Wireframing, Roadmapping, User Research."
CAND-0418,Design,11.9,"{""Wireframing"": 77, ""Prototyping"": 88, ""HTML/CSS"": 83}","{""Figma"": 73, ""Wireframing"": 85, ""HTML/CSS"": 90}",2,69.2,196000,68.7,Group_A,"Experienced Design specialist with 11.9 years working with Wireframing, Prototyping, HTML/CSS."
CAND-0419,Analytics,9.0,"{""Tableau"": 87, ""Statistics"": 79, ""SQL"": 96, ""Python"": 68, ""PowerBI"": 66, ""Data Modeling"": 80}","{""Statistics"": 82, ""Machine Learning"": 70, ""Python"": 82}",2,64.2,174000,64.3,Group_D,"Experienced Analytics specialist with 9.0 years working with Tableau, Statistics, SQL, Python, PowerBI, Data Modeling."
CAND-0420,Engineering,8.3,"{""TypeScript"": 98, ""Node.js"": 71, ""JavaScript"": 60}","{""GraphQL"": 88, ""AWS"": 76, ""Node.js"": 90, ""React"": 75, ""Docker"": 72}",1,45.0,161000,48.5,Group_A,"Experienced Engineering specialist with 8.3 years working with TypeScript, Node.js, JavaScript."
CAND-0421,Engineering,14.7,"{""AWS"": 60, ""PostgreSQL"": 75, ""JavaScript"": 79, ""TypeScript"": 62, ""Docker"": 93}","{""PostgreSQL"": 85, ""GraphQL"": 80, ""JavaScript"": 86, ""Python"": 81}",2,60.7,212000,60.9,Group_A,"Experienced Engineering specialist with 14.7 years working with AWS, PostgreSQL, JavaScript, TypeScript, Docker."
CAND-0422,Engineering,4.3,"{""JavaScript"": 98, ""Python"": 95, ""TypeScript"": 73, ""Node.js"": 97}","{""Python"": 87, ""JavaScript"": 78, ""System Design"": 78, ""React"": 82}",2,47.2,134000,46.4,Group_D,"Experienced Engineering specialist with 4.3 years working with JavaScript, Python, TypeScript, Node.js."
CAND-0423,Engineering,14.2,"{""JavaScript"": 72, ""PostgreSQL"": 83, ""TypeScript"": 96, ""React"": 92, ""AWS"": 98, ""Docker"": 70}","{""JavaScript"": 70, ""AWS"": 89, ""System Design"": 77, ""TypeScript"": 72}",3,74.1,214000,73.4,Group_D,"Experienced Engineering specialist with 14.2 years working with JavaScript, PostgreSQL, TypeScript, React, AWS, Docker."
CAND-0424,Engineering,5.6,"{""AWS"": 69, ""Docker"": 74, ""Python"": 77}","{""Node.js"": 82, ""System Design"": 73, ""TypeScript"": 73}",0,45.0,142000,47.8,Group_C,"Experienced Engineering specialist with 5.6 years working with AWS, Docker, Python."
CAND-0425,Analytics,12.5,"{""SQL"": 98, ""Machine Learning"": 66, ""Tableau"": 63, ""Statistics"": 70, ""PowerBI"": 80, ""Python"": 84}","{""Tableau"": 87, ""Statistics"": 89, ""Machine Learning"": 82}",3,91.4,209000,86.9,Group_A,"Experienced Analytics specialist with 12.5 years working with SQL, Machine Learning, Tableau, Statistics, PowerBI, Python."
CAND-0426,Analytics,11.0,"{""Python"": 63, ""PowerBI"": 83, ""Machine Learning"": 75, ""Tableau"": 98}","{""Statistics"": 81, ""PowerBI"": 84, ""Python"": 86, ""Data Modeling"": 79}",2,52.4,183000,52.8,Group_B,"Experienced Analytics specialist with 11.0 years working with Python, PowerBI, Machine Learning, Tableau."
CAND-0427,Infrastructure,9.9,"{""Python"": 80, ""Linux"": 65, ""Ansible"": 65}","{""Terraform"": 88, ""Docker"": 71, ""Ansible"": 72}",1,45.0,172000,46.7,Group_D,"Experienced Infrastructure specialist with 9.9 years working with Python, Linux, Ansible."
CAND-0428,Engineering,14.5,"{""PostgreSQL"": 67, ""JavaScript"": 85, ""GraphQL"": 60, ""TypeScript"": 72, ""Python"": 60, ""AWS"": 87}","{""PostgreSQL"": 86, ""AWS"": 89, ""TypeScript"": 71, ""Docker"": 89, ""System Design"": 84}",3,71.0,215000,71.4,Group_B,"Experienced Engineering specialist with 14.5 years working with PostgreSQL, JavaScript, GraphQL, TypeScript, Python, AWS."
CAND-0429,Product,2.1,"{""User Research"": 84, ""Agile"": 70, ""Roadmapping"": 83, ""Wireframing"": 67}","{""Roadmapping"": 79, ""Scrum"": 79, ""Analytics"": 85, ""Agile"": 79}",2,45.0,118000,43.4,Group_D,"Experienced Product specialist with 2.1 years working with User Research, Agile, Roadmapping, Wireframing."
CAND-0430,Product,13.9,"{""Wireframing"": 63, ""Analytics"": 82, ""Roadmapping"": 60}","{""Wireframing"": 70, ""SaaS"": 81, ""Scrum"": 75, ""User Research"": 82, ""Agile"": 81}",1,45.0,200000,46.0,Group_B,"Experienced Product specialist with 13.9 years working with Wireframing, Analytics, Roadmapping."
CAND-0431,Engineering,8.4,"{""System Design"": 69, ""Node.js"": 76, ""GraphQL"": 74, ""React"": 90}","{""AWS"": 75, ""Python"": 87, ""Docker"": 78, ""TypeScript"": 73}",0,45.0,162000,47.3,Group_D,"Experienced Engineering specialist with 8.4 years working with System Design, Node.js, GraphQL, React."
CAND-0432,Product,3.0,"{""Agile"": 78, ""SaaS"": 62, ""User Research"": 68, ""Product Strategy"": 85, ""Wireframing"": 86, ""Roadmapping"": 81}","{""SaaS"": 85, ""User Research"": 78, ""Product Strategy"": 73}",3,78.2,137000,77.2,Group_B,"Experienced Product specialist with 3.0 years working with Agile, SaaS, User Research, Product Strategy, Wireframing, Roadmapping."
CAND-0433,Infrastructure,11.5,"{""Prometheus"": 68, ""Linux"": 69, ""Docker"": 82, ""Kubernetes"": 92, ""AWS"": 60, ""Python"": 75}","{""AWS"": 70, ""Linux"": 83, ""Python"": 85}",3,88.2,201000,86.1,Group_D,"Experienced Infrastructure specialist with 11.5 years working with Prometheus, Linux, Docker, Kubernetes, AWS, Python."
CAND-0434,Product,9.6,"{""Roadmapping"": 75, ""SaaS"": 87, ""Agile"": 72, ""Scrum"": 90}","{""Product Strategy"": 76, ""User Research"": 88, ""Scrum"": 90, ""Analytics"": 90, ""Wireframing"": 74}",1,45.0,170000,44.2,Group_A,"Experienced Product specialist with 9.6 years working with Roadmapping, SaaS, Agile, Scrum."
CAND-0435,Infrastructure,14.9,"{""Linux"": 65, ""Kubernetes"": 63, ""Python"": 84, ""Docker"": 86}","{""Python"": 85, ""Terraform"": 71, ""Docker"": 86, ""CI/CD"": 83, ""Ansible"": 90}",2,48.4,209000,47.2,Group_C,"Experienced Infrastructure specialist with 14.9 years working with Linux, Kubernetes, Python, Docker."
CAND-0436,Infrastructure,14.2,"{""Terraform"": 63, ""AWS"": 80, ""Kubernetes"": 73, ""Docker"": 78, ""Linux"": 90, ""Python"": 77}","{""Docker"": 81, ""Linux"": 80, ""Prometheus"": 79, ""CI/CD"": 73, ""Terraform"": 73}",3,67.6,211000,68.3,Group_B,"Experienced Infrastructure specialist with 14.2 years working with Terraform, AWS, Kubernetes, Docker, Linux, Python."
CAND-0437,Infrastructure,6.0,"{""Prometheus"": 73, ""AWS"": 97, ""Docker"": 84, ""Ansible"": 65, ""CI/CD"": 66}","{""Docker"": 90, ""Kubernetes"": 76, ""Python"": 76}",1,45.0,145000,49.0,Group_A,"Experienced Infrastructure specialist with 6.0 years working with Prometheus, AWS, Docker, Ansible, CI/CD."
CAND-0438,Analytics,9.7,"{""Statistics"": 68, ""PowerBI"": 72, ""Python"": 86, ""Machine Learning"": 95, ""SQL"": 76}","{""Tableau"": 72, ""Data Modeling"": 85, ""PowerBI"": 83, ""SQL"": 86, ""Python"": 86}",3,62.8,178000,60.8,Group_C,"Experienced Analytics specialist with 9.7 years working with Statistics, PowerBI, Python, Machine Learning, SQL."
CAND-0439,Product,5.1,"{""Roadmapping"": 91, ""User Research"": 94, ""Wireframing"": 92}","{""SaaS"": 82, ""Roadmapping"": 87, ""Analytics"": 82}",1,45.0,139000,45.0,Group_B,"Experienced Product specialist with 5.1 years working with Roadmapping, User Research, Wireframing."
CAND-0440,Engineering,3.2,"{""Docker"": 93, ""React"": 76, ""GraphQL"": 79, ""Python"": 74}","{""Python"": 77, ""PostgreSQL"": 71, ""Node.js"": 87, ""GraphQL"": 77}",2,45.0,125000,47.2,Group_C,"Experienced Engineering specialist with 3.2 years working with Docker, React, GraphQL, Python."
CAND-0441,Product,4.8,"{""Roadmapping"": 94, ""Scrum"": 67, ""Product Strategy"": 60}","{""User Research"": 72, ""Wireframing"": 87, ""Analytics"": 78, ""SaaS"": 74, ""Scrum"": 83}",1,45.0,137000,45.2,Group_A,"Experienced Product specialist with 4.8 years working with Roadmapping, Scrum, Product Strategy."
CAND-0442,Engineering,12.5,"{""Python"": 94, ""JavaScript"": 97, ""Docker"": 66, ""React"": 84}","{""Python"": 77, ""PostgreSQL"": 80, ""TypeScript"": 78, ""System Design"": 76, ""GraphQL"": 88}",1,45.0,190000,48.5,Group_D,"Experienced Engineering specialist with 12.5 years working with Python, JavaScript, Docker, React."
CAND-0443,Product,7.2,"{""User Research"": 89, ""Product Strategy"": 71, ""Roadmapping"": 71, ""Agile"": 72, ""Wireframing"": 96, ""Analytics"": 91}","{""SaaS"": 75, ""User Research"": 75, ""Wireframing"": 82, ""Agile"": 89, ""Scrum"": 76}",3,52.3,156000,50.5,Group_B,"Experienced Product specialist with 7.2 years working with User Research, Product Strategy, Roadmapping, Agile, Wireframing, Analytics."
CAND-0444,Design,13.7,"{""Figma"": 98, ""HTML/CSS"": 66, ""Design Systems"": 84, ""UI/UX"": 84, ""User Research"": 61, ""Wireframing"": 67}","{""Wireframing"": 74, ""HTML/CSS"": 77, ""Figma"": 72}",3,90.9,217000,91.3,Group_A,"Experienced Design specialist with 13.7 years working with Figma, HTML/CSS, Design Systems, UI/UX, User Research, Wireframing."
CAND-0445,Engineering,14.4,"{""PostgreSQL"": 72, ""AWS"": 68, ""Node.js"": 90}","{""GraphQL"": 74, ""JavaScript"": 77, ""Python"": 71, ""PostgreSQL"": 87, ""TypeScript"": 78}",1,45.0,204000,44.1,Group_A,"Experienced Engineering specialist with 14.4 years working with PostgreSQL, AWS, Node.js."
CAND-0446,Engineering,8.6,"{""PostgreSQL"": 60, ""System Design"": 74, ""JavaScript"": 61}","{""System Design"": 81, ""Docker"": 90, ""JavaScript"": 79}",2,60.4,169000,62.8,Group_D,"Experienced Engineering specialist with 8.6 years working with PostgreSQL, System Design, JavaScript."
CAND-0447,Engineering,7.9,"{""TypeScript"": 82, ""Node.js"": 64, ""Python"": 81}","{""AWS"": 89, ""Node.js"": 74, ""React"": 75}",1,45.0,158000,45.4,Group_B,"Experienced Engineering specialist with 7.9 years working with TypeScript, Node.js, Python."
CAND-0448,Design,3.1,"{""Design Systems"": 91, ""User Research"": 83, ""HTML/CSS"": 76, ""Figma"": 64, ""UI/UX"": 60}","{""Wireframing"": 80, ""HTML/CSS"": 74, ""UI/UX"": 82}",2,55.3,129000,57.7,Group_D,"Experienced Design specialist with 3.1 years working with Design Systems, User Research, HTML/CSS, Figma, UI/UX."
CAND-0449,Engineering,2.6,"{""Python"": 84, ""JavaScript"": 82, ""Node.js"": 80, ""PostgreSQL"": 91, ""GraphQL"": 87, ""AWS"": 90}","{""System Design"": 77, ""AWS"": 82, ""JavaScript"": 83, ""Docker"": 87, ""PostgreSQL"": 85}",3,50.9,124000,51.8,Group_B,"Experienced Engineering specialist with 2.6 years working with Python, JavaScript, Node.js, PostgreSQL, GraphQL, AWS."
CAND-0450,Design,2.2,"{""Design Systems"": 60, ""Wireframing"": 73, ""UI/UX"": 61, ""Figma"": 83, ""Prototyping"": 95, ""HTML/CSS"": 90}","{""Figma"": 81, ""Wireframing"": 74, ""User Research"": 79}",2,54.2,122000,56.9,Group_D,"Experienced Design specialist with 2.2 years working with Design Systems, Wireframing, UI/UX, Figma, Prototyping, HTML/CSS."
CAND-0451,Product,4.0,"{""Agile"": 69, ""User Research"": 84, ""Product Strategy"": 61, ""Wireframing"": 87}","{""Agile"": 72, ""User Research"": 85, ""Wireframing"": 89, ""Analytics"": 75}",3,58.1,136000,57.6,Group_A,"Experienced Product specialist with 4.0 years working with Agile, User Research, Product Strategy, Wireframing."
CAND-0452,Product,2.1,"{""SaaS"": 93, ""Scrum"": 79, ""Product Strategy"": 90, ""Roadmapping"": 86, ""User Research"": 81, ""Wireframing"": 88}","{""Agile"": 90, ""SaaS"": 71, ""Wireframing"": 89, ""Product Strategy"": 75, ""User Research"": 86}",4,60.4,124000,59.9,Group_D,"Experienced Product specialist with 2.1 years working with SaaS, Scrum, Product Strategy, Roadmapping, User Research, Wireframing."
CAND-0453,Design,8.8,"{""Design Systems"": 70, ""Wireframing"": 77, ""User Research"": 65, ""UI/UX"": 93, ""Prototyping"": 84}","{""HTML/CSS"": 89, ""UI/UX"": 71, ""Prototyping"": 77}",2,62.3,172000,64.3,Group_A,"Experienced Design specialist with 8.8 years working with Design Systems, Wireframing, User Research, UI/UX, Prototyping."
CAND-0454,Design,7.7,"{""Wireframing"": 72, ""Prototyping"": 77, ""UI/UX"": 66, ""Figma"": 66, ""Design Systems"": 64, ""User Research"": 83}","{""Wireframing"": 75, ""User Research"": 87, ""Figma"": 73, ""UI/UX"": 72, ""Prototyping"": 76}",5,86.2,173000,85.8,Group_C,"Experienced Design specialist with 7.7 years working with Wireframing, Prototyping, UI/UX, Figma, Design Systems, User Research."
CAND-0455,Product,8.7,"{""Roadmapping"": 96, ""SaaS"": 96, ""Agile"": 62}","{""Wireframing"": 79, ""Agile"": 70, ""Scrum"": 81, ""SaaS"": 79, ""User Research"": 82}",2,45.0,164000,45.3,Group_D,"Experienced Product specialist with 8.7 years working with Roadmapping, SaaS, Agile."
CAND-0456,Infrastructure,14.6,"{""AWS"": 92, ""Linux"": 66, ""Prometheus"": 92}","{""Kubernetes"": 88, ""Linux"": 71, ""Terraform"": 79}",1,45.0,205000,47.5,Group_A,"Experienced Infrastructure specialist with 14.6 years working with AWS, Linux, Prometheus."
CAND-0457,Engineering,14.3,"{""TypeScript"": 93, ""JavaScript"": 98, ""PostgreSQL"": 93, ""Python"": 81}","{""JavaScript"": 89, ""AWS"": 83, ""Python"": 71, ""Docker"": 82}",2,56.5,208000,60.0,Group_A,"Experienced Engineering specialist with 14.3 years working with TypeScript, JavaScript, PostgreSQL, Python."
CAND-0458,Product,8.9,"{""Product Strategy"": 65, ""Scrum"": 91, ""Agile"": 66, ""Wireframing"": 89, ""SaaS"": 80, ""Roadmapping"": 70}","{""SaaS"": 81, ""Agile"": 81, ""Wireframing"": 72, ""Analytics"": 72}",3,66.2,174000,67.5,Group_C,"Experienced Product specialist with 8.9 years working with Product Strategy, Scrum, Agile, Wireframing, SaaS, Roadmapping."
CAND-0459,Design,14.7,"{""HTML/CSS"": 78, ""UI/UX"": 85, ""Figma"": 86, ""Prototyping"": 68, ""Design Systems"": 88, ""Wireframing"": 83}","{""Wireframing"": 83, ""Design Systems"": 86, ""User Research"": 84, ""HTML/CSS"": 78, ""Figma"": 71}",4,81.8,221000,81.1,Group_B,"Experienced Design specialist with 14.7 years working with HTML/CSS, UI/UX, Figma, Prototyping, Design Systems, Wireframing."
CAND-0460,Analytics,1.1,"{""Tableau"": 96, ""PowerBI"": 85, ""Python"": 64}","{""PowerBI"": 81, ""Data Modeling"": 84, ""SQL"": 84}",1,45.0,111000,48.8,Group_D,"Experienced Analytics specialist with 1.1 years working with Tableau, PowerBI, Python."
CAND-0461,Engineering,2.2,"{""System Design"": 85, ""Docker"": 81, ""TypeScript"": 64}","{""AWS"": 85, ""GraphQL"": 73, ""TypeScript"": 78, ""Docker"": 84}",2,45.0,118000,44.3,Group_D,"Experienced Engineering specialist with 2.2 years working with System Design, Docker, TypeScript."
CAND-0462,Product,10.0,"{""Agile"": 87, ""Analytics"": 90, ""Roadmapping"": 73, ""Wireframing"": 63, ""SaaS"": 73}","{""Scrum"": 90, ""SaaS"": 75, ""Wireframing"": 72}",2,61.4,180000,60.1,Group_A,"Experienced Product specialist with 10.0 years working with Agile, Analytics, Roadmapping, Wireframing, SaaS."
CAND-0463,Infrastructure,13.2,"{""Linux"": 65, ""Terraform"": 87, ""AWS"": 81, ""CI/CD"": 79, ""Docker"": 70, ""Kubernetes"": 72}","{""Linux"": 75, ""Ansible"": 83, ""Terraform"": 81, ""Python"": 88}",2,56.5,200000,54.0,Group_B,"Experienced Infrastructure specialist with 13.2 years working with Linux, Terraform, AWS, CI/CD, Docker, Kubernetes."
CAND-0464,Engineering,11.1,"{""AWS"": 89, ""Docker"": 69, ""React"": 91, ""Node.js"": 80}","{""System Design"": 84, ""Python"": 74, ""React"": 90}",1,45.0,181000,49.2,Group_A,"Experienced Engineering specialist with 11.1 years working with AWS, Docker, React, Node.js."
CAND-0465,Engineering,4.1,"{""System Design"": 84, ""PostgreSQL"": 73, ""JavaScript"": 82, ""Python"": 73}","{""Docker"": 81, ""React"": 70, ""AWS"": 79}",0,45.0,132000,46.4,Group_A,"Experienced Engineering specialist with 4.1 years working with System Design, PostgreSQL, JavaScript, Python."
CAND-0466,Design,10.1,"{""Prototyping"": 93, ""Wireframing"": 81, ""User Research"": 67, ""Design Systems"": 71, ""HTML/CSS"": 89, ""UI/UX"": 87}","{""UI/UX"": 87, ""Design Systems"": 83, ""HTML/CSS"": 82, ""Wireframing"": 79}",4,91.9,192000,90.7,Group_D,"Experienced Design specialist with 10.1 years working with Prototyping, Wireframing, User Research, Design Systems, HTML/CSS, UI/UX."
CAND-0467,Infrastructure,10.8,"{""Docker"": 61, ""Prometheus"": 86, ""Kubernetes"": 66}","{""Prometheus"": 86, ""Docker"": 88, ""AWS"": 71, ""Terraform"": 79}",2,57.9,184000,56.5,Group_D,"Experienced Infrastructure specialist with 10.8 years working with Docker, Prometheus, Kubernetes."
CAND-0468,Analytics,6.3,"{""Data Modeling"": 89, ""PowerBI"": 86, ""SQL"": 85, ""Tableau"": 60}","{""Data Modeling"": 78, ""Python"": 78, ""Machine Learning"": 79, ""Tableau"": 83}",2,50.1,149000,48.1,Group_D,"Experienced Analytics specialist with 6.3 years working with Data Modeling, PowerBI, SQL, Tableau."
CAND-0469,Engineering,1.2,"{""AWS"": 70, ""PostgreSQL"": 96, ""Docker"": 87, ""JavaScript"": 75}","{""System Design"": 88, ""TypeScript"": 83, ""Docker"": 74, ""GraphQL"": 90, ""React"": 82}",1,45.0,111000,44.4,Group_C,"Experienced Engineering specialist with 1.2 years working with AWS, PostgreSQL, Docker, JavaScript."
CAND-0470,Analytics,3.2,"{""SQL"": 96, ""Statistics"": 85, ""Python"": 76, ""Data Modeling"": 95}","{""Tableau"": 72, ""Python"": 70, ""SQL"": 83}",2,51.0,128000,53.5,Group_B,"Experienced Analytics specialist with 3.2 years working with SQL, Statistics, Python, Data Modeling."
CAND-0471,Engineering,9.7,"{""Docker"": 68, ""System Design"": 89, ""React"": 82}","{""TypeScript"": 76, ""Docker"": 87, ""Python"": 77}",1,45.0,171000,48.2,Group_D,"Experienced Engineering specialist with 9.7 years working with Docker, System Design, React."
CAND-0472,Infrastructure,10.2,"{""Docker"": 66, ""CI/CD"": 67, ""AWS"": 89, ""Kubernetes"": 98, ""Python"": 67}","{""CI/CD"": 75, ""Python"": 72, ""Prometheus"": 72}",2,65.2,182000,64.2,Group_B,"Experienced Infrastructure specialist with 10.2 years working with Docker, CI/CD, AWS, Kubernetes, Python."
CAND-0473,Design,2.4,"{""Prototyping"": 64, ""Figma"": 73, ""Wireframing"": 86}","{""User Research"": 75, ""HTML/CSS"": 79, ""Prototyping"": 70, ""UI/UX"": 75}",1,45.0,120000,47.2,Group_A,"Experienced Design specialist with 2.4 years working with Prototyping, Figma, Wireframing."
CAND-0474,Engineering,14.7,"{""GraphQL"": 76, ""PostgreSQL"": 67, ""React"": 72, ""Node.js"": 98, ""Python"": 61}","{""React"": 73, ""PostgreSQL"": 76, ""JavaScript"": 70, ""Node.js"": 80, ""GraphQL"": 74}",4,77.8,219000,77.9,Group_B,"Experienced Engineering specialist with 14.7 years working with GraphQL, PostgreSQL, React, Node.js, Python."
CAND-0475,Infrastructure,4.8,"{""Docker"": 78, ""AWS"": 89, ""Ansible"": 91, ""Python"": 87}","{""Linux"": 78, ""Terraform"": 82, ""CI/CD"": 73, ""Docker"": 88, ""AWS"": 88}",2,45.0,137000,48.2,Group_D,"Experienced Infrastructure specialist with 4.8 years working with Docker, AWS, Ansible, Python."
CAND-0476,Design,13.4,"{""Design Systems"": 98, ""HTML/CSS"": 84, ""User Research"": 87, ""Wireframing"": 72, ""Prototyping"": 96, ""Figma"": 82}","{""HTML/CSS"": 71, ""Figma"": 86, ""Prototyping"": 78, ""UI/UX"": 88}",3,74.5,209000,74.2,Group_C,"Experienced Design specialist with 13.4 years working with Design Systems, HTML/CSS, User Research, Wireframing, Prototyping, Figma."
CAND-0477,Design,1.4,"{""Wireframing"": 82, ""User Research"": 75, ""Prototyping"": 64, ""UI/UX"": 73}","{""User Research"": 70, ""Wireframing"": 80, ""UI/UX"": 70, ""HTML/CSS"": 80, ""Figma"": 76}",3,48.5,114000,51.4,Group_B,"Experienced Design specialist with 1.4 years working with Wireframing, User Research, Prototyping, UI/UX."
CAND-0478,Analytics,1.9,"{""Machine Learning"": 95, ""Python"": 77, ""Data Modeling"": 98, ""Statistics"": 64, ""SQL"": 96}","{""PowerBI"": 76, ""Statistics"": 76, ""Data Modeling"": 71, ""Tableau"": 85, ""Python"": 85}",3,45.0,116000,45.0,Group_A,"Experienced Analytics specialist with 1.9 years working with Machine Learning, Python, Data Modeling, Statistics, SQL."
CAND-0479,Engineering,7.3,"{""Docker"": 78, ""System Design"": 61, ""TypeScript"": 96, ""Python"": 60, ""React"": 89}","{""JavaScript"": 86, ""System Design"": 71, ""React"": 80, ""Python"": 90}",3,62.4,161000,62.2,Group_D,"Experienced Engineering specialist with 7.3 years working with Docker, System Design, TypeScript, Python, React."
CAND-0480,Infrastructure,4.8,"{""Linux"": 63, ""Docker"": 85, ""Python"": 79, ""CI/CD"": 89, ""Terraform"": 91}","{""Docker"": 77, ""AWS"": 71, ""Python"": 70, ""Kubernetes"": 74, ""Ansible"": 73}",2,45.0,137000,48.6,Group_D,"Experienced Infrastructure specialist with 4.8 years working with Linux, Docker, Python, CI/CD, Terraform."
CAND-0481,Product,3.4,"{""User Research"": 63, ""Scrum"": 76, ""Analytics"": 62, ""Agile"": 67}","{""Analytics"": 80, ""Agile"": 89, ""SaaS"": 82}",2,53.9,130000,52.6,Group_B,"Experienced Product specialist with 3.4 years working with User Research, Scrum, Analytics, Agile."
CAND-0482,Analytics,7.4,"{""Tableau"": 88, ""Python"": 67, ""Machine Learning"": 93, ""PowerBI"": 93}","{""Machine Learning"": 78, ""PowerBI"": 80, ""Statistics"": 85}",2,58.8,160000,57.7,Group_C,"Experienced Analytics specialist with 7.4 years working with Tableau, Python, Machine Learning, PowerBI."
CAND-0483,Engineering,5.9,"{""TypeScript"": 63, ""Node.js"": 73, ""PostgreSQL"": 60, ""Docker"": 73}","{""System Design"": 80, ""TypeScript"": 76, ""GraphQL"": 88, ""React"": 86}",1,45.0,144000,45.3,Group_C,"Experienced Engineering specialist with 5.9 years working with TypeScript, Node.js, PostgreSQL, Docker."
CAND-0484,Design,10.2,"{""UI/UX"": 84, ""Wireframing"": 88, ""User Research"": 92}","{""Wireframing"": 72, ""Prototyping"": 78, ""UI/UX"": 83}",2,61.9,181000,60.8,Group_A,"Experienced Design specialist with 10.2 years working with UI/UX, Wireframing, User Research."
CAND-0485,Product,7.5,"{""Product Strategy"": 89, ""Wireframing"": 71, ""Agile"": 77}","{""Wireframing"": 84, ""User Research"": 81, ""Analytics"": 78}",1,45.0,156000,46.7,Group_C,"Experienced Product specialist with 7.5 years working with Product Strategy, Wireframing, Agile."
CAND-0486,Design,4.0,"{""Design Systems"": 77, ""Prototyping"": 83, ""Wireframing"": 66, ""User Research"": 63, ""Figma"": 84, ""UI/UX"": 87}","{""User Research"": 75, ""UI/UX"": 89, ""Prototyping"": 78}",3,80.6,145000,79.1,Group_D,"Experienced Design specialist with 4.0 years working with Design Systems, Prototyping, Wireframing, User Research, Figma, UI/UX."
CAND-0487,Engineering,10.5,"{""Node.js"": 62, ""TypeScript"": 96, ""Docker"": 77, ""React"": 75}","{""PostgreSQL"": 77, ""Node.js"": 89, ""Python"": 82}",1,45.0,176000,44.0,Group_C,"Experienced Engineering specialist with 10.5 years working with Node.js, TypeScript, Docker, React."
CAND-0488,Design,3.9,"{""User Research"": 60, ""HTML/CSS"": 66, ""Wireframing"": 71, ""Design Systems"": 92}","{""Design Systems"": 80, ""Prototyping"": 72, ""User Research"": 75, ""UI/UX"": 75, ""Figma"": 80}",2,45.0,130000,44.3,Group_A,"Experienced Design specialist with 3.9 years working with User Research, HTML/CSS, Wireframing, Design Systems."
CAND-0489,Design,7.0,"{""UI/UX"": 70, ""User Research"": 60, ""Figma"": 98}","{""Prototyping"": 77, ""Design Systems"": 85, ""Figma"": 73, ""Wireframing"": 71}",1,45.0,152000,46.8,Group_C,"Experienced Design specialist with 7.0 years working with UI/UX, User Research, Figma."
CAND-0490,Product,8.4,"{""SaaS"": 79, ""Scrum"": 81, ""Agile"": 88, ""User Research"": 91}","{""User Research"": 81, ""Analytics"": 84, ""SaaS"": 70, ""Roadmapping"": 81, ""Wireframing"": 79}",2,46.3,162000,49.9,Group_D,"Experienced Product specialist with 8.4 years working with SaaS, Scrum, Agile, User Research."
CAND-0491,Engineering,4.8,"{""JavaScript"": 69, ""System Design"": 82, ""TypeScript"": 91}","{""TypeScript"": 76, ""System Design"": 72, ""AWS"": 76}",2,62.3,144000,61.6,Group_A,"Experienced Engineering specialist with 4.8 years working with JavaScript, System Design, TypeScript."
CAND-0492,Infrastructure,13.3,"{""Prometheus"": 85, ""CI/CD"": 97, ""Ansible"": 86, ""AWS"": 77, ""Linux"": 79, ""Python"": 72}","{""Prometheus"": 89, ""AWS"": 73, ""Linux"": 83}",3,95.7,216000,93.4,Group_C,"Experienced Infrastructure specialist with 13.3 years working with Prometheus, CI/CD, Ansible, AWS, Linux, Python."
CAND-0493,Infrastructure,2.5,"{""Ansible"": 69, ""CI/CD"": 93, ""Terraform"": 78}","{""Prometheus"": 72, ""CI/CD"": 79, ""Ansible"": 70, ""Terraform"": 84, ""Linux"": 71}",3,47.5,122000,50.7,Group_A,"Experienced Infrastructure specialist with 2.5 years working with Ansible, CI/CD, Terraform."
CAND-0494,Engineering,7.8,"{""System Design"": 63, ""AWS"": 76, ""React"": 68}","{""Python"": 78, ""PostgreSQL"": 74, ""JavaScript"": 76, ""React"": 83}",1,45.0,158000,43.9,Group_B,"Experienced Engineering specialist with 7.8 years working with System Design, AWS, React."
CAND-0495,Engineering,7.6,"{""TypeScript"": 76, ""System Design"": 79, ""PostgreSQL"": 98, ""Docker"": 79, ""React"": 71}","{""System Design"": 78, ""AWS"": 74, ""JavaScript"": 83, ""PostgreSQL"": 87, ""Node.js"": 76}",2,45.0,156000,43.9,Group_D,"Experienced Engineering specialist with 7.6 years working with TypeScript, System Design, PostgreSQL, Docker, React."
CAND-0496,Analytics,3.6,"{""SQL"": 92, ""Python"": 82, ""Machine Learning"": 89, ""PowerBI"": 82, ""Tableau"": 87, ""Statistics"": 89}","{""PowerBI"": 83, ""Data Modeling"": 72, ""SQL"": 74, ""Machine Learning"": 89}",3,66.4,137000,67.8,Group_C,"Experienced Analytics specialist with 3.6 years working with SQL, Python, Machine Learning, PowerBI, Tableau, Statistics."
CAND-0497,Product,9.7,"{""Agile"": 60, ""Scrum"": 89, ""Roadmapping"": 93, ""Product Strategy"": 89, ""User Research"": 63}","{""Agile"": 73, ""SaaS"": 80, ""User Research"": 89}",2,60.6,177000,59.5,Group_D,"Experienced Product specialist with 9.7 years working with Agile, Scrum, Roadmapping, Product Strategy, User Research."
CAND-0498,Infrastructure,13.1,"{""Prometheus"": 73, ""Kubernetes"": 93, ""AWS"": 69}","{""Ansible"": 79, ""CI/CD"": 90, ""Docker"": 79, ""AWS"": 70, ""Linux"": 85}",1,45.0,195000,44.6,Group_A,"Experienced Infrastructure specialist with 13.1 years working with Prometheus, Kubernetes, AWS."
CAND-0499,Engineering,3.1,"{""PostgreSQL"": 73, ""Node.js"": 66, ""TypeScript"": 90}","{""PostgreSQL"": 71, ""GraphQL"": 73, ""System Design"": 79}",1,45.0,125000,49.3,Group_B,"Experienced Engineering specialist with 3.1 years working with PostgreSQL, Node.js, TypeScript."
CAND-0500,Analytics,4.6,"{""Data Modeling"": 61, ""Statistics"": 71, ""Machine Learning"": 69, ""SQL"": 75, ""Python"": 70, ""PowerBI"": 92}","{""Statistics"": 79, ""Machine Learning"": 79, ""Python"": 73, ""PowerBI"": 88, ""Data Modeling"": 85}",5,79.8,149000,77.1,Group_D,"Experienced Analytics specialist with 4.6 years working with Data Modeling, Statistics, Machine Learning, SQL, Python, PowerBI."
CAND-0501,Engineering,7.5,"{""JavaScript"": 84, ""React"": 60, ""Python"": 97, ""TypeScript"": 79, ""PostgreSQL"": 62, ""GraphQL"": 88}","{""AWS"": 84, ""JavaScript"": 78, ""GraphQL"": 70}",2,66.5,164000,65.3,Group_B,"Experienced Engineering specialist with 7.5 years working with JavaScript, React, Python, TypeScript, PostgreSQL, GraphQL."
CAND-0502,Infrastructure,13.6,"{""Prometheus"": 96, ""Docker"": 81, ""Ansible"": 89, ""AWS"": 68, ""Linux"": 77, ""CI/CD"": 79}","{""Docker"": 89, ""Ansible"": 75, ""Terraform"": 88, ""Linux"": 86}",3,78.4,212000,77.3,Group_B,"Experienced Infrastructure specialist with 13.6 years working with Prometheus, Docker, Ansible, AWS, Linux, CI/CD."
CAND-0503,Infrastructure,9.2,"{""Linux"": 74, ""Docker"": 66, ""Kubernetes"": 66, ""Prometheus"": 91, ""Ansible"": 90}","{""Terraform"": 82, ""Prometheus"": 83, ""Kubernetes"": 72, ""Docker"": 71}",3,70.9,178000,67.9,Group_A,"Experienced Infrastructure specialist with 9.2 years working with Linux, Docker, Kubernetes, Prometheus, Ansible."
CAND-0504,Design,11.7,"{""UI/UX"": 88, ""User Research"": 84, ""Figma"": 68}","{""Design Systems"": 85, ""Wireframing"": 84, ""UI/UX"": 79, ""HTML/CSS"": 77, ""Prototyping"": 76}",1,45.0,185000,46.0,Group_B,"Experienced Design specialist with 11.7 years working with UI/UX, User Research, Figma."
CAND-0505,Engineering,9.1,"{""TypeScript"": 60, ""React"": 83, ""JavaScript"": 86}","{""PostgreSQL"": 90, ""Node.js"": 86, ""AWS"": 85, ""Docker"": 76, ""GraphQL"": 76}",0,45.0,167000,46.2,Group_C,"Experienced Engineering specialist with 9.1 years working with TypeScript, React, JavaScript."
CAND-0506,Infrastructure,9.7,"{""Docker"": 84, ""Ansible"": 64, ""Terraform"": 96, ""AWS"": 65}","{""Prometheus"": 73, ""Python"": 85, ""Kubernetes"": 77}",0,45.0,171000,46.6,Group_A,"Experienced Infrastructure specialist with 9.7 years working with Docker, Ansible, Terraform, AWS."
CAND-0507,Product,12.5,"{""Analytics"": 70, ""Roadmapping"": 78, ""User Research"": 64, ""SaaS"": 94, ""Agile"": 96}","{""Analytics"": 71, ""Roadmapping"": 87, ""Wireframing"": 73}",2,69.2,200000,71.3,Group_C,"Experienced Product specialist with 12.5 years working with Analytics, Roadmapping, User Research, SaaS, Agile."
CAND-0508,Engineering,1.5,"{""Python"": 73, ""TypeScript"": 95, ""AWS"": 81, ""System Design"": 63, ""React"": 75, ""Node.js"": 91}","{""Docker"": 72, ""React"": 83, ""AWS"": 89}",2,56.1,118000,59.2,Group_D,"Experienced Engineering specialist with 1.5 years working with Python, TypeScript, AWS, System Design, React, Node.js."
CAND-0509,Product,4.8,"{""Product Strategy"": 92, ""Agile"": 74, ""Roadmapping"": 82}","{""Wireframing"": 71, ""SaaS"": 70, ""Product Strategy"": 76, ""Agile"": 87}",2,47.5,138000,48.0,Group_A,"Experienced Product specialist with 4.8 years working with Product Strategy, Agile, Roadmapping."
CAND-0510,Analytics,7.8,"{""Data Modeling"": 95, ""PowerBI"": 68, ""Python"": 67, ""Statistics"": 88, ""Tableau"": 67, ""Machine Learning"": 83}","{""Python"": 77, ""Tableau"": 77, ""PowerBI"": 72, ""SQL"": 88}",3,63.0,165000,62.4,Group_A,"Experienced Analytics specialist with 7.8 years working with Data Modeling, PowerBI, Python, Statistics, Tableau, Machine Learning."
CAND-0511,Engineering,13.2,"{""React"": 88, ""Node.js"": 71, ""Docker"": 78, ""PostgreSQL"": 62}","{""AWS"": 89, ""TypeScript"": 82, ""Python"": 85, ""Node.js"": 73}",1,45.0,195000,43.9,Group_B,"Experienced Engineering specialist with 13.2 years working with React, Node.js, Docker, PostgreSQL."
CAND-0512,Design,10.9,"{""Wireframing"": 95, ""UI/UX"": 78, ""Prototyping"": 75, ""User Research"": 93, ""HTML/CSS"": 77}","{""HTML/CSS"": 71, ""Design Systems"": 81, ""Wireframing"": 83, ""Figma"": 89}",2,54.4,183000,52.5,Group_B,"Experienced Design specialist with 10.9 years working with Wireframing, UI/UX, Prototyping, User Research, HTML/CSS."
CAND-0513,Analytics,4.2,"{""SQL"": 75, ""Tableau"": 88, ""Python"": 89, ""Data Modeling"": 67}","{""PowerBI"": 78, ""SQL"": 88, ""Tableau"": 82}",2,55.3,137000,58.7,Group_A,"Experienced Analytics specialist with 4.2 years working with SQL, Tableau, Python, Data Modeling."
CAND-0514,Infrastructure,13.0,"{""Ansible"": 62, ""Kubernetes"": 74, ""Linux"": 73, ""Terraform"": 84, ""AWS"": 71, ""Python"": 87}","{""Kubernetes"": 70, ""Python"": 89, ""Prometheus"": 80, ""Ansible"": 78, ""CI/CD"": 88}",3,61.5,201000,58.7,Group_D,"Experienced Infrastructure specialist with 13.0 years working with Ansible, Kubernetes, Linux, Terraform, AWS, Python."
CAND-0515,Design,12.0,"{""Wireframing"": 84, ""Figma"": 78, ""Design Systems"": 94}","{""Prototyping"": 75, ""Design Systems"": 82, ""HTML/CSS"": 84, ""User Research"": 77}",1,45.0,187000,43.5,Group_C,"Experienced Design specialist with 12.0 years working with Wireframing, Figma, Design Systems."
CAND-0516,Engineering,15.0,"{""AWS"": 83, ""System Design"": 77, ""React"": 76, ""Python"": 98, ""JavaScript"": 60}","{""Python"": 75, ""AWS"": 84, ""Docker"": 84}",2,66.8,217000,63.5,Group_A,"Experienced Engineering specialist with 15.0 years working with AWS, System Design, React, Python, JavaScript."
CAND-0517,Infrastructure,7.7,"{""Linux"": 77, ""Kubernetes"": 95, ""Python"": 80, ""Ansible"": 64}","{""CI/CD"": 78, ""Python"": 85, ""Linux"": 74, ""Prometheus"": 77}",2,51.6,160000,50.4,Group_A,"Experienced Infrastructure specialist with 7.7 years working with Linux, Kubernetes, Python, Ansible."
CAND-0518,Product,2.6,"{""SaaS"": 88, ""User Research"": 97, ""Analytics"": 80}","{""Roadmapping"": 78, ""Agile"": 78, ""User Research"": 70}",1,45.0,121000,48.5,Group_C,"Experienced Product specialist with 2.6 years working with SaaS, User Research, Analytics."
CAND-0519,Analytics,11.1,"{""Tableau"": 67, ""SQL"": 92, ""Statistics"": 64, ""PowerBI"": 75}","{""Tableau"": 83, ""Machine Learning"": 72, ""Data Modeling"": 90}",1,45.0,181000,45.1,Group_A,"Experienced Analytics specialist with 11.1 years working with Tableau, SQL, Statistics, PowerBI."
CAND-0520,Infrastructure,9.5,"{""AWS"": 78, ""Linux"": 61, ""Prometheus"": 70, ""CI/CD"": 83, ""Terraform"": 62}","{""CI/CD"": 76, ""Kubernetes"": 80, ""Ansible"": 86, ""Python"": 86}",1,45.0,170000,47.7,Group_B,"Experienced Infrastructure specialist with 9.5 years working with AWS, Linux, Prometheus, CI/CD, Terraform."
CAND-0521,Design,12.6,"{""HTML/CSS"": 84, ""Wireframing"": 65, ""UI/UX"": 64}","{""Design Systems"": 90, ""Wireframing"": 87, ""HTML/CSS"": 83}",2,68.9,201000,66.1,Group_A,"Experienced Design specialist with 12.6 years working with HTML/CSS, Wireframing, UI/UX."
CAND-0522,Analytics,7.6,"{""Tableau"": 75, ""Data Modeling"": 83, ""Python"": 74, ""Statistics"": 89, ""SQL"": 80, ""Machine Learning"": 67}","{""Python"": 81, ""PowerBI"": 87, ""Statistics"": 86, ""Tableau"": 72, ""SQL"": 81}",4,72.7,167000,72.5,Group_D,"Experienced Analytics specialist with 7.6 years working with Tableau, Data Modeling, Python, Statistics, SQL, Machine Learning."
CAND-0523,Design,4.2,"{""Design Systems"": 98, ""UI/UX"": 76, ""Prototyping"": 78, ""HTML/CSS"": 81}","{""Figma"": 86, ""Wireframing"": 74, ""Prototyping"": 88, ""Design Systems"": 85}",2,46.9,133000,49.8,Group_B,"Experienced Design specialist with 4.2 years working with Design Systems, UI/UX, Prototyping, HTML/CSS."
CAND-0524,Design,1.2,"{""Prototyping"": 90, ""User Research"": 66, ""Design Systems"": 68}","{""Wireframing"": 75, ""Prototyping"": 72, ""Figma"": 74}",1,45.0,111000,46.6,Group_D,"Experienced Design specialist with 1.2 years working with Prototyping, User Research, Design Systems."
CAND-0525,Design,6.0,"{""HTML/CSS"": 81, ""Design Systems"": 97, ""UI/UX"": 98, ""User Research"": 66, ""Figma"": 62, ""Wireframing"": 64}","{""User Research"": 83, ""Prototyping"": 79, ""HTML/CSS"": 85, ""Design Systems"": 74, ""Wireframing"": 75}",4,71.2,155000,71.0,Group_A,"Experienced Design specialist with 6.0 years working with HTML/CSS, Design Systems, UI/UX, User Research, Figma, Wireframing."
CAND-0526,Product,13.5,"{""Wireframing"": 92, ""Roadmapping"": 97, ""SaaS"": 77, ""Scrum"": 66, ""Product Strategy"": 74}","{""Wireframing"": 86, ""SaaS"": 86, ""Agile"": 88, ""Analytics"": 86}",2,61.4,204000,61.0,Group_C,"Experienced Product specialist with 13.5 years working with Wireframing, Roadmapping, SaaS, Scrum, Product Strategy."
CAND-0527,Design,5.5,"{""UI/UX"": 93, ""Figma"": 77, ""Wireframing"": 96, ""Prototyping"": 80}","{""User Research"": 73, ""Wireframing"": 79, ""UI/UX"": 78}",2,58.9,147000,57.5,Group_B,"Experienced Design specialist with 5.5 years working with UI/UX, Figma, Wireframing, Prototyping."
CAND-0528,Infrastructure,14.1,"{""Docker"": 66, ""Terraform"": 73, ""AWS"": 95, ""CI/CD"": 92, ""Prometheus"": 70}","{""Kubernetes"": 85, ""Terraform"": 70, ""Prometheus"": 81}",2,67.5,211000,69.8,Group_D,"Experienced Infrastructure specialist with 14.1 years working with Docker, Terraform, AWS, CI/CD, Prometheus."
CAND-0529,Design,8.3,"{""User Research"": 76, ""Figma"": 65, ""HTML/CSS"": 68, ""Prototyping"": 77, ""UI/UX"": 67, ""Wireframing"": 82}","{""HTML/CSS"": 80, ""UI/UX"": 75, ""Figma"": 86}",3,84.4,177000,82.4,Group_A,"Experienced Design specialist with 8.3 years working with User Research, Figma, HTML/CSS, Prototyping, UI/UX, Wireframing."
CAND-0530,Infrastructure,13.5,"{""Linux"": 93, ""Docker"": 80, ""AWS"": 72}","{""Kubernetes"": 82, ""Prometheus"": 77, ""Docker"": 76, ""Linux"": 78, ""Python"": 85}",2,47.5,198000,50.6,Group_D,"Experienced Infrastructure specialist with 13.5 years working with Linux, Docker, AWS."
CAND-0531,Infrastructure,2.8,"{""Prometheus"": 87, ""Terraform"": 64, ""Kubernetes"": 91}","{""Terraform"": 89, ""CI/CD"": 82, ""Kubernetes"": 90, ""Prometheus"": 88, ""Ansible"": 77}",3,52.1,125000,52.8,Group_B,"Experienced Infrastructure specialist with 2.8 years working with Prometheus, Terraform, Kubernetes."
CAND-0532,Infrastructure,12.8,"{""Ansible"": 98, ""Prometheus"": 82, ""Linux"": 94, ""AWS"": 90, ""Terraform"": 78}","{""Terraform"": 79, ""Docker"": 83, ""Linux"": 84}",2,67.0,201000,67.6,Group_A,"Experienced Infrastructure specialist with 12.8 years working with Ansible, Prometheus, Linux, AWS, Terraform."
CAND-0533,Product,7.5,"{""Product Strategy"": 90, ""SaaS"": 91, ""User Research"": 98, ""Roadmapping"": 86, ""Wireframing"": 75}","{""Analytics"": 76, ""SaaS"": 83, ""Wireframing"": 71}",2,62.3,162000,61.3,Group_C,"Experienced Product specialist with 7.5 years working with Product Strategy, SaaS, User Research, Roadmapping, Wireframing."
CAND-0534,Design,6.5,"{""Prototyping"": 74, ""Wireframing"": 81, ""User Research"": 62, ""Figma"": 79, ""UI/UX"": 88, ""Design Systems"": 86}","{""Design Systems"": 76, ""UI/UX"": 90, ""Wireframing"": 73}",3,88.1,166000,86.7,Group_C,"Experienced Design specialist with 6.5 years working with Prototyping, Wireframing, User Research, Figma, UI/UX, Design Systems."
CAND-0535,Product,9.5,"{""Agile"": 65, ""Scrum"": 81, ""Roadmapping"": 82}","{""Product Strategy"": 81, ""User Research"": 87, ""Agile"": 76, ""Analytics"": 75, ""Wireframing"": 87}",1,45.0,170000,47.7,Group_C,"Experienced Product specialist with 9.5 years working with Agile, Scrum, Roadmapping."
CAND-0536,Product,13.7,"{""Scrum"": 62, ""Product Strategy"": 61, ""Analytics"": 93, ""Wireframing"": 66, ""Agile"": 92}","{""Wireframing"": 79, ""Agile"": 70, ""Product Strategy"": 77, ""SaaS"": 90}",3,78.5,212000,75.7,Group_C,"Experienced Product specialist with 13.7 years working with Scrum, Product Strategy, Analytics, Wireframing, Agile."
CAND-0537,Engineering,12.4,"{""System Design"": 64, ""JavaScript"": 92, ""Python"": 86, ""Docker"": 61, ""React"": 60, ""AWS"": 94}","{""JavaScript"": 79, ""Node.js"": 80, ""System Design"": 83, ""PostgreSQL"": 86, ""Python"": 70}",3,61.6,196000,61.4,Group_A,"Experienced Engineering specialist with 12.4 years working with System Design, JavaScript, Python, Docker, React, AWS."
CAND-0538,Infrastructure,14.6,"{""Linux"": 95, ""Python"": 77, ""Terraform"": 90, ""Kubernetes"": 78, ""Docker"": 94, ""Prometheus"": 92}","{""Linux"": 82, ""Kubernetes"": 81, ""Terraform"": 87}",3,96.6,226000,93.6,Group_A,"Experienced Infrastructure specialist with 14.6 years working with Linux, Python, Terraform, Kubernetes, Docker, Prometheus."
CAND-0539,Design,11.8,"{""User Research"": 81, ""Prototyping"": 69, ""Design Systems"": 65, ""Figma"": 66, ""Wireframing"": 95, ""UI/UX"": 70}","{""Wireframing"": 77, ""Prototyping"": 72, ""Design Systems"": 74}",3,89.8,204000,89.6,Group_B,"Experienced Design specialist with 11.8 years working with User Research, Prototyping, Design Systems, Figma, Wireframing, UI/UX."
CAND-0540,Engineering,11.7,"{""System Design"": 62, ""Python"": 80, ""AWS"": 96, ""Docker"": 98, ""Node.js"": 86}","{""Python"": 87, ""TypeScript"": 85, ""GraphQL"": 80}",1,48.5,186000,48.0,Group_D,"Experienced Engineering specialist with 11.7 years working with System Design, Python, AWS, Docker, Node.js."
CAND-0541,Design,8.2,"{""Figma"": 84, ""Prototyping"": 68, ""Wireframing"": 60}","{""Design Systems"": 75, ""HTML/CSS"": 76, ""Figma"": 84}",1,45.0,160000,44.1,Group_D,"Experienced Design specialist with 8.2 years working with Figma, Prototyping, Wireframing."
CAND-0542,Design,3.4,"{""UI/UX"": 78, ""HTML/CSS"": 67, ""Design Systems"": 87, ""Prototyping"": 78, ""Wireframing"": 77, ""Figma"": 93}","{""Design Systems"": 74, ""User Research"": 79, ""Wireframing"": 86, ""UI/UX"": 76}",3,65.1,135000,67.6,Group_C,"Experienced Design specialist with 3.4 years working with UI/UX, HTML/CSS, Design Systems, Prototyping, Wireframing, Figma."
CAND-0543,Analytics,9.5,"{""PowerBI"": 60, ""Python"": 80, ""Tableau"": 86, ""Statistics"": 71, ""SQL"": 69, ""Data Modeling"": 90}","{""SQL"": 76, ""Tableau"": 73, ""Python"": 87}",3,87.3,186000,82.9,Group_D,"Experienced Analytics specialist with 9.5 years working with PowerBI, Python, Tableau, Statistics, SQL, Data Modeling."
CAND-0544,Analytics,3.2,"{""Statistics"": 60, ""Machine Learning"": 72, ""Python"": 77, ""Tableau"": 78, ""PowerBI"": 87}","{""Statistics"": 87, ""Tableau"": 87, ""Data Modeling"": 90, ""PowerBI"": 76, ""Python"": 72}",4,66.2,134000,63.5,Group_B,"Experienced Analytics specialist with 3.2 years working with Statistics, Machine Learning, Python, Tableau, PowerBI."
CAND-0545,Infrastructure,3.5,"{""CI/CD"": 96, ""Linux"": 97, ""Prometheus"": 98}","{""Ansible"": 77, ""Terraform"": 76, ""Docker"": 72, ""Kubernetes"": 89}",0,45.0,128000,44.4,Group_A,"Experienced Infrastructure specialist with 3.5 years working with CI/CD, Linux, Prometheus."
CAND-0546,Infrastructure,2.1,"{""CI/CD"": 90, ""Ansible"": 80, ""Terraform"": 79}","{""Docker"": 82, ""Terraform"": 85, ""Python"": 81, ""Ansible"": 79, ""AWS"": 86}",2,45.0,118000,43.9,Group_B,"Experienced Infrastructure specialist with 2.1 years working with CI/CD, Ansible, Terraform."
CAND-0547,Product,14.2,"{""SaaS"": 91, ""Scrum"": 76, ""Roadmapping"": 67, ""Analytics"": 95, ""User Research"": 87}","{""User Research"": 81, ""Product Strategy"": 83, ""Agile"": 76, ""SaaS"": 89, ""Roadmapping"": 87}",3,69.7,212000,71.6,Group_B,"Experienced Product specialist with 14.2 years working with SaaS, Scrum, Roadmapping, Analytics, User Research."
CAND-0548,Design,6.2,"{""UI/UX"": 93, ""Prototyping"": 72, ""User Research"": 60}","{""User Research"": 86, ""Wireframing"": 70, ""Figma"": 89, ""HTML/CSS"": 78, ""UI/UX"": 71}",2,45.0,146000,47.3,Group_D,"Experienced Design specialist with 6.2 years working with UI/UX, Prototyping, User Research."
CAND-0549,Engineering,14.9,"{""Python"": 90, ""React"": 98, ""PostgreSQL"": 89, ""System Design"": 91, ""AWS"": 71}","{""PostgreSQL"": 70, ""Node.js"": 89, ""React"": 74, ""JavaScript"": 75}",2,63.6,215000,61.3,Group_D,"Experienced Engineering specialist with 14.9 years working with Python, React, PostgreSQL, System Design, AWS."
CAND-0550,Engineering,1.8,"{""AWS"": 72, ""Node.js"": 61, ""Python"": 81}","{""AWS"": 82, ""JavaScript"": 83, ""Docker"": 71, ""Python"": 72, ""React"": 76}",2,45.0,116000,46.4,Group_C,"Experienced Engineering specialist with 1.8 years working with AWS, Node.js, Python."
CAND-0551,Engineering,3.4,"{""Python"": 71, ""TypeScript"": 60, ""System Design"": 79}","{""PostgreSQL"": 84, ""AWS"": 88, ""Node.js"": 72, ""JavaScript"": 88}",0,45.0,127000,43.9,Group_A,"Experienced Engineering specialist with 3.4 years working with Python, TypeScript, System Design."
CAND-0552,Product,11.2,"{""User Research"": 70, ""Analytics"": 60, ""Wireframing"": 73, ""Agile"": 83}","{""Product Strategy"": 90, ""User Research"": 76, ""Wireframing"": 74, ""SaaS"": 79}",2,50.5,184000,52.7,Group_B,"Experienced Product specialist with 11.2 years working with User Research, Analytics, Wireframing, Agile."
CAND-0553,Infrastructure,3.0,"{""Linux"": 72, ""Terraform"": 71, ""Prometheus"": 78, ""Docker"": 76, ""CI/CD"": 88}","{""Docker"": 81, ""Ansible"": 81, ""CI/CD"": 90, ""Python"": 86}",2,45.0,124000,47.2,Group_B,"Experienced Infrastructure specialist with 3.0 years working with Linux, Terraform, Prometheus, Docker, CI/CD."
CAND-0554,Engineering,14.3,"{""JavaScript"": 78, ""PostgreSQL"": 73, ""TypeScript"": 81, ""AWS"": 92, ""GraphQL"": 95, ""Docker"": 77}","{""PostgreSQL"": 76, ""TypeScript"": 84, ""Python"": 78}",2,66.0,212000,63.4,Group_B,"Experienced Engineering specialist with 14.3 years working with JavaScript, PostgreSQL, TypeScript, AWS, GraphQL, Docker."
CAND-0555,Design,3.0,"{""User Research"": 66, ""Design Systems"": 82, ""Prototyping"": 60, ""Figma"": 70, ""UI/UX"": 86}","{""User Research"": 81, ""Wireframing"": 79, ""Figma"": 75, ""UI/UX"": 84}",3,62.0,131000,63.6,Group_D,"Experienced Design specialist with 3.0 years working with User Research, Design Systems, Prototyping, Figma, UI/UX."
CAND-0556,Analytics,7.4,"{""Statistics"": 98, ""PowerBI"": 81, ""Data Modeling"": 90, ""Python"": 85, ""Machine Learning"": 79, ""Tableau"": 62}","{""Data Modeling"": 83, ""Machine Learning"": 83, ""SQL"": 78}",2,66.1,163000,65.2,Group_A,"Experienced Analytics specialist with 7.4 years working with Statistics, PowerBI, Data Modeling, Python, Machine Learning, Tableau."
CAND-0557,Product,8.2,"{""Roadmapping"": 63, ""Analytics"": 65, ""Product Strategy"": 79, ""User Research"": 69, ""SaaS"": 82}","{""Scrum"": 74, ""Product Strategy"": 76, ""Roadmapping"": 75, ""Agile"": 79}",2,49.0,162000,48.2,Group_B,"Experienced Product specialist with 8.2 years working with Roadmapping, Analytics, Product Strategy, User Research, SaaS."
CAND-0558,Design,2.3,"{""UI/UX"": 60, ""HTML/CSS"": 90, ""Design Systems"": 70, ""User Research"": 82}","{""Prototyping"": 76, ""Design Systems"": 85, ""Wireframing"": 82}",1,45.0,119000,47.6,Group_A,"Experienced Design specialist with 2.3 years working with UI/UX, HTML/CSS, Design Systems, User Research."
CAND-0559,Design,2.8,"{""Prototyping"": 98, ""User Research"": 85, ""HTML/CSS"": 94, ""Wireframing"": 64}","{""Prototyping"": 77, ""HTML/CSS"": 89, ""Design Systems"": 75, ""Figma"": 77}",2,45.0,123000,45.4,Group_A,"Experienced Design specialist with 2.8 years working with Prototyping, User Research, HTML/CSS, Wireframing."
CAND-0560,Analytics,9.4,"{""SQL"": 62, ""Statistics"": 73, ""Python"": 79, ""Machine Learning"": 87, ""PowerBI"": 65, ""Data Modeling"": 81}","{""Statistics"": 79, ""Python"": 79, ""PowerBI"": 82, ""Data Modeling"": 85}",4,82.9,184000,84.0,Group_D,"Experienced Analytics specialist with 9.4 years working with SQL, Statistics, Python, Machine Learning, PowerBI, Data Modeling."
CAND-0561,Product,3.3,"{""Wireframing"": 82, ""Scrum"": 66, ""Agile"": 85}","{""SaaS"": 88, ""Wireframing"": 86, ""Product Strategy"": 82}",1,45.0,126000,43.5,Group_D,"Experienced Product specialist with 3.3 years working with Wireframing, Scrum, Agile."
CAND-0562,Design,11.8,"{""Prototyping"": 83, ""User Research"": 90, ""Figma"": 81, ""Wireframing"": 94, ""HTML/CSS"": 83}","{""Wireframing"": 87, ""UI/UX"": 82, ""Prototyping"": 72}",2,63.9,193000,62.8,Group_C,"Experienced Design specialist with 11.8 years working with Prototyping, User Research, Figma, Wireframing, HTML/CSS."
CAND-0563,Product,8.2,"{""Scrum"": 91, ""Agile"": 89, ""Roadmapping"": 83, ""SaaS"": 63, ""Wireframing"": 98, ""User Research"": 83}","{""Scrum"": 70, ""SaaS"": 87, ""User Research"": 78, ""Wireframing"": 75}",4,83.9,176000,81.7,Group_D,"Experienced Product specialist with 8.2 years working with Scrum, Agile, Roadmapping, SaaS, Wireframing, User Research."
CAND-0564,Infrastructure,5.2,"{""Docker"": 62, ""AWS"": 94, ""Ansible"": 85}","{""CI/CD"": 73, ""Docker"": 74, ""Python"": 74}",1,45.0,139000,46.0,Group_C,"Experienced Infrastructure specialist with 5.2 years working with Docker, AWS, Ansible."
CAND-0565,Infrastructure,14.6,"{""Prometheus"": 80, ""Ansible"": 83, ""Kubernetes"": 62, ""Linux"": 69}","{""Docker"": 80, ""Linux"": 90, ""Python"": 79, ""AWS"": 83, ""Kubernetes"": 82}",2,47.7,206000,51.6,Group_C,"Experienced Infrastructure specialist with 14.6 years working with Prometheus, Ansible, Kubernetes, Linux."
CAND-0566,Engineering,12.7,"{""Node.js"": 94, ""TypeScript"": 75, ""Python"": 63, ""JavaScript"": 83, ""GraphQL"": 96, ""AWS"": 90}","{""System Design"": 78, ""Python"": 86, ""JavaScript"": 71}",2,69.6,202000,71.5,Group_C,"Experienced Engineering specialist with 12.7 years working with Node.js, TypeScript, Python, JavaScript, GraphQL, AWS."
CAND-0567,Infrastructure,1.1,"{""Kubernetes"": 77, ""Linux"": 77, ""AWS"": 89, ""Docker"": 98}","{""AWS"": 80, ""Docker"": 77, ""Ansible"": 72, ""Linux"": 89, ""Kubernetes"": 79}",4,64.7,119000,65.2,Group_D,"Experienced Infrastructure specialist with 1.1 years working with Kubernetes, Linux, AWS, Docker."
CAND-0568,Analytics,6.9,"{""Machine Learning"": 81, ""PowerBI"": 80, ""Statistics"": 82, ""SQL"": 88, ""Python"": 69}","{""Data Modeling"": 87, ""Statistics"": 75, ""PowerBI"": 82, ""Python"": 78}",3,65.7,160000,66.4,Group_A,"Experienced Analytics specialist with 6.9 years working with Machine Learning, PowerBI, Statistics, SQL, Python."
CAND-0569,Design,8.9,"{""Figma"": 78, ""UI/UX"": 80, ""Design Systems"": 88, ""User Research"": 89, ""HTML/CSS"": 61}","{""Design Systems"": 89, ""Wireframing"": 81, ""UI/UX"": 88}",2,62.8,172000,65.8,Group_A,"Experienced Design specialist with 8.9 years working with Figma, UI/UX, Design Systems, User Research, HTML/CSS."
CAND-0570,Infrastructure,8.8,"{""Terraform"": 66, ""Linux"": 85, ""Python"": 73, ""Docker"": 73, ""Prometheus"": 67, ""Kubernetes"": 96}","{""CI/CD"": 82, ""Prometheus"": 87, ""Linux"": 83, ""AWS"": 81}",2,54.2,168000,54.4,Group_C,"Experienced Infrastructure specialist with 8.8 years working with Terraform, Linux, Python, Docker, Prometheus, Kubernetes."
CAND-0571,Infrastructure,11.8,"{""AWS"": 85, ""Linux"": 91, ""Docker"": 89}","{""Ansible"": 82, ""CI/CD"": 79, ""Linux"": 70, ""Docker"": 87}",2,59.0,191000,60.9,Group_B,"Experienced Infrastructure specialist with 11.8 years working with AWS, Linux, Docker."
CAND-0572,Engineering,6.4,"{""System Design"": 74, ""Docker"": 68, ""TypeScript"": 92, ""AWS"": 65, ""React"": 98, ""Python"": 96}","{""System Design"": 75, ""React"": 88, ""AWS"": 90, ""Python"": 85, ""Node.js"": 72}",4,74.1,159000,70.3,Group_D,"Experienced Engineering specialist with 6.4 years working with System Design, Docker, TypeScript, AWS, React, Python."
CAND-0573,Analytics,8.2,"{""Data Modeling"": 75, ""Python"": 71, ""PowerBI"": 90, ""Tableau"": 72}","{""Python"": 76, ""Tableau"": 88, ""SQL"": 84, ""Machine Learning"": 84}",2,48.4,162000,50.1,Group_B,"Experienced Analytics specialist with 8.2 years working with Data Modeling, Python, PowerBI, Tableau."
CAND-0574,Product,14.6,"{""User Research"": 75, ""Scrum"": 89, ""Product Strategy"": 64}","{""Agile"": 83, ""User Research"": 86, ""Scrum"": 85}",2,74.8,217000,71.2,Group_D,"Experienced Product specialist with 14.6 years working with User Research, Scrum, Product Strategy."
CAND-0575,Infrastructure,13.4,"{""Prometheus"": 90, ""Kubernetes"": 63, ""Terraform"": 78}","{""Kubernetes"": 86, ""AWS"": 90, ""Terraform"": 90, ""Ansible"": 84}",2,57.2,202000,55.4,Group_B,"Experienced Infrastructure specialist with 13.4 years working with Prometheus, Kubernetes, Terraform."
CAND-0576,Infrastructure,11.6,"{""CI/CD"": 81, ""AWS"": 69, ""Terraform"": 75}","{""Terraform"": 90, ""Python"": 72, ""Kubernetes"": 84, ""CI/CD"": 85}",2,58.0,189000,59.9,Group_C,"Experienced Infrastructure specialist with 11.6 years working with CI/CD, AWS, Terraform."
CAND-0577,Infrastructure,10.6,"{""Ansible"": 62, ""Python"": 68, ""Prometheus"": 69, ""CI/CD"": 93, ""Linux"": 78}","{""Terraform"": 81, ""AWS"": 79, ""Python"": 79}",1,46.9,178000,46.1,Group_C,"Experienced Infrastructure specialist with 10.6 years working with Ansible, Python, Prometheus, CI/CD, Linux."
CAND-0578,Design,11.0,"{""UI/UX"": 78, ""HTML/CSS"": 84, ""Wireframing"": 76, ""Design Systems"": 74, ""User Research"": 61}","{""Design Systems"": 88, ""User Research"": 70, ""UI/UX"": 78}",3,88.3,197000,86.3,Group_D,"Experienced Design specialist with 11.0 years working with UI/UX, HTML/CSS, Wireframing, Design Systems, User Research."
CAND-0579,Design,9.7,"{""User Research"": 93, ""HTML/CSS"": 83, ""UI/UX"": 84, ""Wireframing"": 91}","{""UI/UX"": 82, ""Design Systems"": 70, ""Prototyping"": 72, ""Wireframing"": 80, ""HTML/CSS"": 77}",3,58.0,176000,56.7,Group_C,"Experienced Design specialist with 9.7 years working with User Research, HTML/CSS, UI/UX, Wireframing."
CAND-0580,Analytics,11.9,"{""Statistics"": 91, ""Python"": 89, ""Tableau"": 96}","{""SQL"": 76, ""Statistics"": 81, ""Machine Learning"": 71, ""Python"": 82, ""Tableau"": 90}",3,58.9,192000,58.2,Group_A,"Experienced Analytics specialist with 11.9 years working with Statistics, Python, Tableau."
CAND-0581,Infrastructure,8.7,"{""Kubernetes"": 93, ""Ansible"": 75, ""Python"": 75}","{""CI/CD"": 84, ""Terraform"": 75, ""Docker"": 71, ""AWS"": 89}",0,45.0,164000,45.1,Group_B,"Experienced Infrastructure specialist with 8.7 years working with Kubernetes, Ansible, Python."
CAND-0582,Engineering,13.7,"{""PostgreSQL"": 74, ""Python"": 75, ""React"": 97, ""Node.js"": 97}","{""GraphQL"": 90, ""Node.js"": 72, ""React"": 76, ""JavaScript"": 85}",2,54.4,203000,52.5,Group_B,"Experienced Engineering specialist with 13.7 years working with PostgreSQL, Python, React, Node.js."
CAND-0583,Engineering,8.6,"{""Docker"": 60, ""GraphQL"": 97, ""Python"": 87, ""PostgreSQL"": 67}","{""GraphQL"": 83, ""TypeScript"": 89, ""Docker"": 78, ""React"": 85, ""JavaScript"": 90}",2,45.0,163000,46.4,Group_C,"Experienced Engineering specialist with 8.6 years working with Docker, GraphQL, Python, PostgreSQL."
CAND-0584,Infrastructure,4.7,"{""AWS"": 92, ""Python"": 79, ""Prometheus"": 88, ""Ansible"": 67}","{""Ansible"": 86, ""Kubernetes"": 85, ""CI/CD"": 85}",1,45.0,136000,43.8,Group_D,"Experienced Infrastructure specialist with 4.7 years working with AWS, Python, Prometheus, Ansible."
CAND-0585,Infrastructure,2.3,"{""AWS"": 79, ""CI/CD"": 92, ""Docker"": 79, ""Kubernetes"": 80, ""Linux"": 93, ""Python"": 90}","{""Python"": 74, ""Terraform"": 80, ""Prometheus"": 75}",1,45.0,119000,45.8,Group_B,"Experienced Infrastructure specialist with 2.3 years working with AWS, CI/CD, Docker, Kubernetes, Linux, Python."
CAND-0586,Product,9.5,"{""User Research"": 86, ""Analytics"": 77, ""Roadmapping"": 74, ""Scrum"": 76}","{""Analytics"": 80, ""SaaS"": 81, ""Product Strategy"": 80, ""Scrum"": 84}",2,50.7,172000,52.0,Group_D,"Experienced Product specialist with 9.5 years working with User Research, Analytics, Roadmapping, Scrum."
CAND-0587,Engineering,11.7,"{""React"": 77, ""System Design"": 61, ""AWS"": 72, ""GraphQL"": 73, ""Node.js"": 76, ""TypeScript"": 78}","{""React"": 82, ""AWS"": 80, ""System Design"": 87, ""GraphQL"": 87}",4,93.0,204000,92.3,Group_D,"Experienced Engineering specialist with 11.7 years working with React, System Design, AWS, GraphQL, Node.js, TypeScript."
CAND-0588,Infrastructure,2.5,"{""CI/CD"": 97, ""AWS"": 90, ""Ansible"": 62, ""Terraform"": 84}","{""Ansible"": 82, ""Terraform"": 71, ""CI/CD"": 73, ""Python"": 71, ""AWS"": 90}",4,62.8,128000,63.0,Group_D,"Experienced Infrastructure specialist with 2.5 years working with CI/CD, AWS, Ansible, Terraform."
CAND-0589,Infrastructure,2.6,"{""Docker"": 86, ""AWS"": 69, ""Linux"": 69, ""Ansible"": 97}","{""Terraform"": 80, ""Docker"": 88, ""Prometheus"": 87, ""Ansible"": 78}",2,45.0,121000,48.3,Group_A,"Experienced Infrastructure specialist with 2.6 years working with Docker, AWS, Linux, Ansible."
CAND-0590,Product,11.8,"{""User Research"": 88, ""Scrum"": 73, ""SaaS"": 71}","{""Wireframing"": 80, ""Product Strategy"": 76, ""Roadmapping"": 78, ""SaaS"": 78}",1,45.0,186000,49.0,Group_B,"Experienced Product specialist with 11.8 years working with User Research, Scrum, SaaS."
CAND-0591,Engineering,10.0,"{""System Design"": 92, ""GraphQL"": 83, ""React"": 61, ""Docker"": 96, ""Python"": 87, ""PostgreSQL"": 62}","{""AWS"": 80, ""PostgreSQL"": 90, ""GraphQL"": 72, ""JavaScript"": 72, ""Python"": 88}",3,56.3,178000,57.1,Group_A,"Experienced Engineering specialist with 10.0 years working with System Design, GraphQL, React, Docker, Python, PostgreSQL."
CAND-0592,Analytics,3.2,"{""Machine Learning"": 72, ""PowerBI"": 64, ""Data Modeling"": 87}","{""PowerBI"": 72, ""Data Modeling"": 75, ""Python"": 90, ""Tableau"": 88}",2,45.0,125000,46.6,Group_D,"Experienced Analytics specialist with 3.2 years working with Machine Learning, PowerBI, Data Modeling."
CAND-0593,Engineering,6.6,"{""React"": 80, ""System Design"": 87, ""Docker"": 69, ""GraphQL"": 76, ""Node.js"": 74}","{""AWS"": 76, ""PostgreSQL"": 88, ""GraphQL"": 81, ""Docker"": 88, ""System Design"": 74}",3,52.7,152000,51.4,Group_C,"Experienced Engineering specialist with 6.6 years working with React, System Design, Docker, GraphQL, Node.js."
CAND-0594,Product,2.4,"{""SaaS"": 64, ""Analytics"": 80, ""Wireframing"": 80}","{""Roadmapping"": 75, ""Product Strategy"": 83, ""SaaS"": 78}",1,45.0,120000,48.9,Group_C,"Experienced Product specialist with 2.4 years working with SaaS, Analytics, Wireframing."
CAND-0595,Engineering,2.9,"{""Node.js"": 84, ""System Design"": 63, ""React"": 88, ""TypeScript"": 88, ""AWS"": 85, ""Docker"": 72}","{""System Design"": 75, ""Node.js"": 86, ""PostgreSQL"": 88}",2,57.8,128000,55.9,Group_B,"Experienced Engineering specialist with 2.9 years working with Node.js, System Design, React, TypeScript, AWS, Docker."
CAND-0596,Engineering,14.2,"{""AWS"": 92, ""System Design"": 83, ""TypeScript"": 90, ""Node.js"": 76, ""React"": 92}","{""GraphQL"": 82, ""React"": 83, ""PostgreSQL"": 82}",1,51.9,205000,50.3,Group_C,"Experienced Engineering specialist with 14.2 years working with AWS, System Design, TypeScript, Node.js, React."
CAND-0597,Infrastructure,12.7,"{""Python"": 61, ""Terraform"": 77, ""AWS"": 80, ""Kubernetes"": 62, ""Ansible"": 69, ""Prometheus"": 75}","{""Kubernetes"": 74, ""CI/CD"": 74, ""Python"": 85}",2,71.2,202000,67.9,Group_B,"Experienced Infrastructure specialist with 12.7 years working with Python, Terraform, AWS, Kubernetes, Ansible, Prometheus."
CAND-0598,Infrastructure,6.2,"{""CI/CD"": 71, ""Linux"": 83, ""Docker"": 67, ""Ansible"": 70, ""Python"": 61, ""AWS"": 91}","{""Python"": 81, ""Linux"": 78, ""AWS"": 89}",3,81.5,161000,81.7,Group_C,"Experienced Infrastructure specialist with 6.2 years working with CI/CD, Linux, Docker, Ansible, Python, AWS."
CAND-0599,Engineering,13.4,"{""JavaScript"": 94, ""System Design"": 84, ""React"": 98}","{""PostgreSQL"": 81, ""JavaScript"": 77, ""Docker"": 72, ""React"": 83, ""System Design"": 72}",3,61.0,203000,61.0,Group_D,"Experienced Engineering specialist with 13.4 years working with JavaScript, System Design, React."
CAND-0600,Analytics,7.2,"{""Tableau"": 76, ""PowerBI"": 68, ""Statistics"": 80}","{""Machine Learning"": 85, ""Tableau"": 88, ""Data Modeling"": 76, ""SQL"": 74, ""Python"": 77}",1,45.0,153000,48.2,Group_B,"Experienced Analytics specialist with 7.2 years working with Tableau, PowerBI, Statistics."
CAND-0601,Product,10.2,"{""Scrum"": 66, ""SaaS"": 75, ""Analytics"": 74}","{""SaaS"": 80, ""User Research"": 84, ""Scrum"": 88, ""Wireframing"": 86}",2,53.8,178000,57.4,Group_C,"Experienced Product specialist with 10.2 years working with Scrum, SaaS, Analytics."
CAND-0602,Product,5.6,"{""SaaS"": 63, ""Analytics"": 72, ""User Research"": 71, ""Agile"": 60, ""Roadmapping"": 69}","{""Agile"": 80, ""Scrum"": 70, ""Product Strategy"": 88, ""User Research"": 85, ""Roadmapping"": 85}",3,58.0,147000,56.5,Group_D,"Experienced Product specialist with 5.6 years working with SaaS, Analytics, User Research, Agile, Roadmapping."
CAND-0603,Design,14.9,"{""Design Systems"": 92, ""User Research"": 81, ""Wireframing"": 81, ""Prototyping"": 71, ""Figma"": 76, ""UI/UX"": 81}","{""Wireframing"": 80, ""Design Systems"": 86, ""Prototyping"": 78, ""Figma"": 72}",4,97.7,228000,94.4,Group_A,"Experienced Design specialist with 14.9 years working with Design Systems, User Research, Wireframing, Prototyping, Figma, UI/UX."
CAND-0604,Analytics,2.8,"{""PowerBI"": 68, ""SQL"": 82, ""Statistics"": 79, ""Tableau"": 88}","{""Machine Learning"": 82, ""SQL"": 86, ""Data Modeling"": 76, ""Python"": 74}",1,45.0,123000,44.7,Group_A,"Experienced Analytics specialist with 2.8 years working with PowerBI, SQL, Statistics, Tableau."
CAND-0605,Product,11.3,"{""SaaS"": 94, ""Analytics"": 83, ""Scrum"": 94, ""User Research"": 74, ""Agile"": 93}","{""User Research"": 75, ""Product Strategy"": 90, ""Agile"": 90}",2,70.3,192000,68.0,Group_B,"Experienced Product specialist with 11.3 years working with SaaS, Analytics, Scrum, User Research, Agile."
CAND-0606,Analytics,14.2,"{""Data Modeling"": 84, ""Python"": 93, ""Tableau"": 86, ""SQL"": 90, ""Statistics"": 89, ""Machine Learning"": 80}","{""Statistics"": 72, ""Tableau"": 78, ""SQL"": 87}",3,95.6,223000,91.2,Group_A,"Experienced Analytics specialist with 14.2 years working with Data Modeling, Python, Tableau, SQL, Statistics, Machine Learning."
CAND-0607,Engineering,11.6,"{""JavaScript"": 75, ""GraphQL"": 85, ""Docker"": 70, ""System Design"": 86}","{""Docker"": 81, ""TypeScript"": 72, ""PostgreSQL"": 77, ""System Design"": 78}",2,51.9,187000,52.2,Group_B,"Experienced Engineering specialist with 11.6 years working with JavaScript, GraphQL, Docker, System Design."
CAND-0608,Product,7.2,"{""User Research"": 93, ""Agile"": 66, ""Wireframing"": 98, ""Scrum"": 90, ""SaaS"": 74}","{""Wireframing"": 74, ""SaaS"": 72, ""Agile"": 80, ""Analytics"": 78, ""Roadmapping"": 71}",3,55.4,158000,58.3,Group_A,"Experienced Product specialist with 7.2 years working with User Research, Agile, Wireframing, Scrum, SaaS."
CAND-0609,Design,7.0,"{""HTML/CSS"": 74, ""Wireframing"": 93, ""Prototyping"": 66, ""User Research"": 65}","{""Design Systems"": 85, ""Wireframing"": 83, ""User Research"": 83, ""UI/UX"": 71, ""HTML/CSS"": 90}",3,52.4,155000,54.8,Group_C,"Experienced Design specialist with 7.0 years working with HTML/CSS, Wireframing, Prototyping, User Research."
CAND-0610,Infrastructure,10.0,"{""Linux"": 66, ""Python"": 91, ""CI/CD"": 75, ""Kubernetes"": 97, ""AWS"": 91}","{""Linux"": 85, ""Python"": 87, ""Kubernetes"": 89}",3,91.7,192000,88.6,Group_D,"Experienced Infrastructure specialist with 10.0 years working with Linux, Python, CI/CD, Kubernetes, AWS."
CAND-0611,Engineering,9.4,"{""Docker"": 75, ""Node.js"": 83, ""PostgreSQL"": 97}","{""Docker"": 71, ""System Design"": 81, ""PostgreSQL"": 90, ""AWS"": 84, ""GraphQL"": 84}",2,46.3,169000,47.7,Group_D,"Experienced Engineering specialist with 9.4 years working with Docker, Node.js, PostgreSQL."
CAND-0612,Design,10.4,"{""UI/UX"": 61, ""Design Systems"": 81, ""Wireframing"": 66}","{""Prototyping"": 81, ""Figma"": 81, ""Wireframing"": 81, ""User Research"": 77}",1,45.0,176000,48.1,Group_C,"Experienced Design specialist with 10.4 years working with UI/UX, Design Systems, Wireframing."
CAND-0613,Design,10.8,"{""Wireframing"": 85, ""UI/UX"": 82, ""HTML/CSS"": 71, ""User Research"": 91, ""Prototyping"": 65}","{""User Research"": 80, ""Design Systems"": 79, ""HTML/CSS"": 73, ""UI/UX"": 72}",3,73.3,190000,71.3,Group_D,"Experienced Design specialist with 10.8 years working with Wireframing, UI/UX, HTML/CSS, User Research, Prototyping."
CAND-0614,Product,11.6,"{""Analytics"": 82, ""Scrum"": 81, ""User Research"": 88, ""Roadmapping"": 83}","{""SaaS"": 73, ""Wireframing"": 76, ""Agile"": 88}",0,45.0,184000,46.4,Group_C,"Experienced Product specialist with 11.6 years working with Analytics, Scrum, User Research, Roadmapping."
CAND-0615,Analytics,8.5,"{""Machine Learning"": 98, ""Statistics"": 85, ""SQL"": 76, ""Python"": 69, ""Data Modeling"": 81, ""Tableau"": 94}","{""PowerBI"": 79, ""Python"": 89, ""Data Modeling"": 88, ""SQL"": 72}",3,67.1,171000,65.1,Group_A,"Experienced Analytics specialist with 8.5 years working with Machine Learning, Statistics, SQL, Python, Data Modeling, Tableau."
CAND-0616,Product,8.7,"{""Agile"": 74, ""Roadmapping"": 88, ""Product Strategy"": 73, ""User Research"": 69, ""Analytics"": 60}","{""Roadmapping"": 84, ""Agile"": 83, ""Analytics"": 87, ""Wireframing"": 87}",3,74.1,176000,71.3,Group_B,"Experienced Product specialist with 8.7 years working with Agile, Roadmapping, Product Strategy, User Research, Analytics."
CAND-0617,Analytics,9.1,"{""Statistics"": 83, ""Tableau"": 75, ""Data Modeling"": 80, ""Machine Learning"": 94, ""Python"": 82, ""PowerBI"": 64}","{""Python"": 86, ""Tableau"": 85, ""Data Modeling"": 87, ""Machine Learning"": 80, ""SQL"": 73}",4,76.2,179000,75.7,Group_C,"Experienced Analytics specialist with 9.1 years working with Statistics, Tableau, Data Modeling, Machine Learning, Python, PowerBI."
CAND-0618,Analytics,12.5,"{""PowerBI"": 89, ""Tableau"": 88, ""Machine Learning"": 91, ""SQL"": 97}","{""SQL"": 87, ""Python"": 90, ""Data Modeling"": 71, ""PowerBI"": 81}",2,56.4,195000,58.1,Group_A,"Experienced Analytics specialist with 12.5 years working with PowerBI, Tableau, Machine Learning, SQL."
CAND-0619,Infrastructure,1.9,"{""Python"": 87, ""Kubernetes"": 68, ""AWS"": 85, ""Prometheus"": 73, ""Terraform"": 88}","{""Prometheus"": 88, ""Python"": 86, ""CI/CD"": 83, ""Docker"": 74}",2,45.2,116000,49.5,Group_C,"Experienced Infrastructure specialist with 1.9 years working with Python, Kubernetes, AWS, Prometheus, Terraform."
CAND-0620,Engineering,14.6,"{""AWS"": 64, ""Node.js"": 93, ""PostgreSQL"": 86}","{""JavaScript"": 75, ""TypeScript"": 70, ""PostgreSQL"": 90, ""Python"": 85, ""Node.js"": 73}",2,50.8,208000,49.3,Group_D,"Experienced Engineering specialist with 14.6 years working with AWS, Node.js, PostgreSQL."
CAND-0621,Analytics,10.8,"{""Data Modeling"": 71, ""PowerBI"": 66, ""Statistics"": 79, ""Machine Learning"": 82, ""SQL"": 71, ""Python"": 87}","{""PowerBI"": 82, ""SQL"": 76, ""Python"": 77, ""Tableau"": 81}",3,76.8,191000,76.5,Group_C,"Experienced Analytics specialist with 10.8 years working with Data Modeling, PowerBI, Statistics, Machine Learning, SQL, Python."
CAND-0622,Design,11.5,"{""Figma"": 83, ""Design Systems"": 66, ""Wireframing"": 70, ""HTML/CSS"": 60, ""User Research"": 93}","{""Figma"": 79, ""User Research"": 70, ""Prototyping"": 88}",2,67.6,193000,69.3,Group_B,"Experienced Design specialist with 11.5 years working with Figma, Design Systems, Wireframing, HTML/CSS, User Research."
CAND-0623,Product,9.9,"{""SaaS"": 69, ""Analytics"": 98, ""Product Strategy"": 83, ""Wireframing"": 96, ""Agile"": 71, ""Scrum"": 88}","{""SaaS"": 89, ""Analytics"": 71, ""Product Strategy"": 87, ""Roadmapping"": 73, ""Agile"": 79}",4,78.6,186000,75.0,Group_B,"Experienced Product specialist with 9.9 years working with SaaS, Analytics, Product Strategy, Wireframing, Agile, Scrum."
CAND-0624,Analytics,8.3,"{""PowerBI"": 69, ""Python"": 81, ""Machine Learning"": 89}","{""Machine Learning"": 87, ""PowerBI"": 72, ""Statistics"": 80, ""SQL"": 77, ""Tableau"": 81}",2,45.0,161000,49.2,Group_D,"Experienced Analytics specialist with 8.3 years working with PowerBI, Python, Machine Learning."
CAND-0625,Product,12.1,"{""User Research"": 97, ""Agile"": 66, ""Roadmapping"": 93}","{""User Research"": 88, ""Analytics"": 87, ""Scrum"": 86}",1,45.0,188000,46.7,Group_B,"Experienced Product specialist with 12.1 years working with User Research, Agile, Roadmapping."
CAND-0626,Infrastructure,5.5,"{""Terraform"": 84, ""Python"": 65, ""AWS"": 91, ""Prometheus"": 61, ""Linux"": 91, ""Ansible"": 66}","{""Prometheus"": 79, ""Ansible"": 85, ""Python"": 79, ""Terraform"": 71}",4,82.6,157000,78.2,Group_A,"Experienced Infrastructure specialist with 5.5 years working with Terraform, Python, AWS, Prometheus, Linux, Ansible."
CAND-0627,Infrastructure,13.5,"{""AWS"": 63, ""Kubernetes"": 79, ""Python"": 84, ""Ansible"": 72}","{""Prometheus"": 83, ""Kubernetes"": 86, ""Linux"": 86, ""AWS"": 75}",2,58.1,203000,59.5,Group_A,"Experienced Infrastructure specialist with 13.5 years working with AWS, Kubernetes, Python, Ansible."
CAND-0628,Product,2.4,"{""Roadmapping"": 73, ""User Research"": 91, ""SaaS"": 73, ""Agile"": 96}","{""Agile"": 79, ""Wireframing"": 70, ""Roadmapping"": 77, ""Product Strategy"": 80, ""Scrum"": 75}",2,45.0,120000,48.4,Group_C,"Experienced Product specialist with 2.4 years working with Roadmapping, User Research, SaaS, Agile."
CAND-0629,Design,1.6,"{""Design Systems"": 87, ""UI/UX"": 96, ""Wireframing"": 79, ""User Research"": 73}","{""HTML/CSS"": 83, ""User Research"": 82, ""Prototyping"": 78, ""Figma"": 76, ""UI/UX"": 85}",2,45.0,114000,43.5,Group_D,"Experienced Design specialist with 1.6 years working with Design Systems, UI/UX, Wireframing, User Research."
CAND-0630,Engineering,10.7,"{""JavaScript"": 70, ""TypeScript"": 91, ""Node.js"": 64, ""AWS"": 71, ""React"": 94, ""System Design"": 80}","{""Python"": 87, ""System Design"": 79, ""Docker"": 79}",1,46.2,178000,46.1,Group_A,"Experienced Engineering specialist with 10.7 years working with JavaScript, TypeScript, Node.js, AWS, React, System Design."
CAND-0631,Design,12.5,"{""Figma"": 68, ""Design Systems"": 93, ""Prototyping"": 62, ""UI/UX"": 90}","{""Figma"": 82, ""Wireframing"": 75, ""UI/UX"": 72, ""HTML/CSS"": 72}",2,54.1,194000,55.5,Group_D,"Experienced Design specialist with 12.5 years working with Figma, Design Systems, Prototyping, UI/UX."
CAND-0632,Product,7.2,"{""Roadmapping"": 80, ""Scrum"": 62, ""Product Strategy"": 96}","{""SaaS"": 75, ""Wireframing"": 81, ""Scrum"": 84}",1,45.0,153000,47.3,Group_D,"Experienced Product specialist with 7.2 years working with Roadmapping, Scrum, Product Strategy."
CAND-0633,Design,3.1,"{""Design Systems"": 72, ""Figma"": 81, ""UI/UX"": 88, ""Wireframing"": 61, ""User Research"": 88}","{""Wireframing"": 86, ""UI/UX"": 79, ""Design Systems"": 87}",3,75.7,137000,74.9,Group_C,"Experienced Design specialist with 3.1 years working with Design Systems, Figma, UI/UX, Wireframing, User Research."
CAND-0634,Engineering,2.6,"{""System Design"": 70, ""PostgreSQL"": 80, ""React"": 83}","{""JavaScript"": 70, ""Node.js"": 82, ""TypeScript"": 70}",0,45.0,121000,48.3,Group_A,"Experienced Engineering specialist with 2.6 years working with System Design, PostgreSQL, React."
CAND-0635,Product,11.7,"{""Product Strategy"": 90, ""Agile"": 96, ""User Research"": 84}","{""Scrum"": 85, ""Roadmapping"": 89, ""User Research"": 78, ""Product Strategy"": 81}",2,60.4,191000,61.4,Group_D,"Experienced Product specialist with 11.7 years working with Product Strategy, Agile, User Research."
CAND-0636,Product,7.4,"{""Roadmapping"": 76, ""Product Strategy"": 70, ""SaaS"": 83, ""Scrum"": 61, ""Wireframing"": 87}","{""SaaS"": 87, ""Agile"": 77, ""Roadmapping"": 82, ""User Research"": 74}",2,53.3,158000,53.2,Group_D,"Experienced Product specialist with 7.4 years working with Roadmapping, Product Strategy, SaaS, Scrum, Wireframing."
CAND-0637,Design,13.4,"{""HTML/CSS"": 81, ""Prototyping"": 80, ""Wireframing"": 85, ""Design Systems"": 68, ""UI/UX"": 93, ""User Research"": 73}","{""UI/UX"": 88, ""HTML/CSS"": 76, ""Wireframing"": 89}",3,91.5,215000,89.0,Group_D,"Experienced Design specialist with 13.4 years working with HTML/CSS, Prototyping, Wireframing, Design Systems, UI/UX, User Research."
CAND-0638,Infrastructure,10.0,"{""Linux"": 94, ""CI/CD"": 88, ""Terraform"": 79, ""Kubernetes"": 86}","{""Terraform"": 87, ""Prometheus"": 75, ""CI/CD"": 82}",2,69.4,183000,68.4,Group_D,"Experienced Infrastructure specialist with 10.0 years working with Linux, CI/CD, Terraform, Kubernetes."
CAND-0639,Engineering,10.7,"{""Docker"": 69, ""JavaScript"": 85, ""Python"": 96, ""AWS"": 72, ""System Design"": 69, ""GraphQL"": 86}","{""GraphQL"": 85, ""TypeScript"": 80, ""JavaScript"": 89, ""System Design"": 89}",3,72.1,189000,72.1,Group_A,"Experienced Engineering specialist with 10.7 years working with Docker, JavaScript, Python, AWS, System Design, GraphQL."
CAND-0640,Engineering,12.0,"{""React"": 81, ""Docker"": 65, ""PostgreSQL"": 80}","{""TypeScript"": 72, ""JavaScript"": 81, ""Docker"": 89, ""PostgreSQL"": 80}",2,56.8,192000,59.2,Group_D,"Experienced Engineering specialist with 12.0 years working with React, Docker, PostgreSQL."
CAND-0641,Infrastructure,10.9,"{""Python"": 69, ""Docker"": 70, ""Linux"": 86, ""Prometheus"": 67, ""Ansible"": 94}","{""Linux"": 78, ""CI/CD"": 77, ""Python"": 73, ""Prometheus"": 74, ""Terraform"": 84}",3,57.5,184000,55.1,Group_D,"Experienced Infrastructure specialist with 10.9 years working with Python, Docker, Linux, Prometheus, Ansible."
CAND-0642,Design,6.3,"{""Wireframing"": 88, ""Figma"": 97, ""Design Systems"": 96, ""User Research"": 71}","{""Figma"": 80, ""Prototyping"": 72, ""Design Systems"": 81, ""User Research"": 72}",3,62.7,154000,63.4,Group_D,"Experienced Design specialist with 6.3 years working with Wireframing, Figma, Design Systems, User Research."
CAND-0643,Product,2.6,"{""User Research"": 82, ""SaaS"": 98, ""Wireframing"": 91, ""Agile"": 61}","{""Scrum"": 86, ""Product Strategy"": 78, ""SaaS"": 86, ""User Research"": 70, ""Wireframing"": 85}",3,48.7,123000,47.8,Group_B,"Experienced Product specialist with 2.6 years working with User Research, SaaS, Wireframing, Agile."
CAND-0644,Infrastructure,4.7,"{""AWS"": 81, ""Kubernetes"": 95, ""CI/CD"": 62, ""Prometheus"": 68, ""Terraform"": 60, ""Ansible"": 96}","{""Python"": 85, ""Linux"": 82, ""Docker"": 82}",0,45.0,136000,47.4,Group_D,"Experienced Infrastructure specialist with 4.7 years working with AWS, Kubernetes, CI/CD, Prometheus, Terraform, Ansible."
CAND-0645,Infrastructure,6.1,"{""Linux"": 91, ""AWS"": 78, ""Docker"": 77, ""CI/CD"": 65, ""Ansible"": 88, ""Prometheus"": 65}","{""AWS"": 77, ""Docker"": 72, ""Kubernetes"": 75, ""Ansible"": 81, ""Linux"": 72}",4,65.7,154000,67.3,Group_A,"Experienced Infrastructure specialist with 6.1 years working with Linux, AWS, Docker, CI/CD, Ansible, Prometheus."
CAND-0646,Engineering,1.1,"{""AWS"": 97, ""Node.js"": 89, ""JavaScript"": 81}","{""Node.js"": 76, ""Docker"": 72, ""React"": 75, ""AWS"": 72, ""PostgreSQL"": 72}",2,45.0,111000,48.1,Group_B,"Experienced Engineering specialist with 1.1 years working with AWS, Node.js, JavaScript."
CAND-0647,Product,1.7,"{""Scrum"": 93, ""SaaS"": 72, ""User Research"": 90}","{""Wireframing"": 75, ""Analytics"": 85, ""User Research"": 79}",1,45.0,115000,47.0,Group_A,"Experienced Product specialist with 1.7 years working with Scrum, SaaS, User Research."
CAND-0648,Design,3.6,"{""Figma"": 76, ""UI/UX"": 69, ""HTML/CSS"": 94}","{""UI/UX"": 75, ""HTML/CSS"": 80, ""Figma"": 77, ""Design Systems"": 75, ""Prototyping"": 82}",3,53.2,131000,54.5,Group_D,"Experienced Design specialist with 3.6 years working with Figma, UI/UX, HTML/CSS."
CAND-0649,Analytics,10.0,"{""PowerBI"": 93, ""Tableau"": 60, ""Statistics"": 76, ""Python"": 78}","{""SQL"": 85, ""Data Modeling"": 81, ""Statistics"": 71}",1,45.0,173000,48.3,Group_A,"Experienced Analytics specialist with 10.0 years working with PowerBI, Tableau, Statistics, Python."
CAND-0650,Design,1.2,"{""User Research"": 98, ""Design Systems"": 64, ""Wireframing"": 96}","{""HTML/CSS"": 85, ""User Research"": 81, ""Prototyping"": 85, ""Wireframing"": 79}",2,45.0,111000,45.3,Group_B,"Experienced Design specialist with 1.2 years working with User Research, Design Systems, Wireframing."
CAND-0651,Product,9.2,"{""User Research"": 89, ""Roadmapping"": 80, ""Scrum"": 85}","{""Wireframing"": 82, ""Roadmapping"": 83, ""Product Strategy"": 70, ""User Research"": 74}",2,55.1,171000,55.0,Group_B,"Experienced Product specialist with 9.2 years working with User Research, Roadmapping, Scrum."
CAND-0652,Design,6.1,"{""Wireframing"": 73, ""HTML/CSS"": 66, ""UI/UX"": 61, ""Design Systems"": 85, ""User Research"": 90, ""Figma"": 69}","{""User Research"": 82, ""UI/UX"": 75, ""Figma"": 79, ""Prototyping"": 87}",3,63.4,153000,61.5,Group_D,"Experienced Design specialist with 6.1 years working with Wireframing, HTML/CSS, UI/UX, Design Systems, User Research, Figma."
CAND-0653,Design,7.1,"{""Prototyping"": 66, ""HTML/CSS"": 64, ""Figma"": 80, ""User Research"": 90}","{""User Research"": 83, ""UI/UX"": 85, ""HTML/CSS"": 70, ""Prototyping"": 79, ""Figma"": 90}",4,67.1,162000,67.5,Group_D,"Experienced Design specialist with 7.1 years working with Prototyping, HTML/CSS, Figma, User Research."
CAND-0654,Analytics,2.7,"{""Machine Learning"": 68, ""Tableau"": 83, ""Statistics"": 96, ""Data Modeling"": 90}","{""SQL"": 83, ""PowerBI"": 77, ""Tableau"": 76}",1,45.0,122000,47.5,Group_C,"Experienced Analytics specialist with 2.7 years working with Machine Learning, Tableau, Statistics, Data Modeling."
CAND-0655,Design,12.0,"{""Design Systems"": 96, ""User Research"": 74, ""UI/UX"": 97, ""Wireframing"": 75, ""Prototyping"": 75}","{""Design Systems"": 86, ""Prototyping"": 73, ""Figma"": 82, ""User Research"": 74}",3,74.7,199000,71.2,Group_D,"Experienced Design specialist with 12.0 years working with Design Systems, User Research, UI/UX, Wireframing, Prototyping."
CAND-0656,Design,9.4,"{""Figma"": 69, ""Prototyping"": 83, ""HTML/CSS"": 63, ""UI/UX"": 90, ""Design Systems"": 75}","{""HTML/CSS"": 81, ""Figma"": 89, ""User Research"": 85}",2,64.8,177000,66.3,Group_C,"Experienced Design specialist with 9.4 years working with Figma, Prototyping, HTML/CSS, UI/UX, Design Systems."
CAND-0657,Design,14.8,"{""Wireframing"": 78, ""HTML/CSS"": 63, ""UI/UX"": 72, ""Figma"": 93}","{""User Research"": 70, ""UI/UX"": 79, ""Prototyping"": 78, ""Design Systems"": 76, ""Wireframing"": 74}",2,50.7,209000,48.8,Group_D,"Experienced Design specialist with 14.8 years working with Wireframing, HTML/CSS, UI/UX, Figma."
CAND-0658,Engineering,6.2,"{""GraphQL"": 88, ""System Design"": 80, ""JavaScript"": 66, ""Python"": 77}","{""Python"": 75, ""TypeScript"": 88, ""GraphQL"": 74, ""JavaScript"": 80}",3,70.3,157000,67.4,Group_C,"Experienced Engineering specialist with 6.2 years working with GraphQL, System Design, JavaScript, Python."
CAND-0659,Analytics,7.7,"{""Tableau"": 87, ""Statistics"": 80, ""PowerBI"": 85, ""SQL"": 71}","{""Machine Learning"": 88, ""SQL"": 88, ""Tableau"": 71, ""Data Modeling"": 86}",2,45.8,157000,48.4,Group_B,"Experienced Analytics specialist with 7.7 years working with Tableau, Statistics, PowerBI, SQL."
CAND-0660,Design,1.9,"{""UI/UX"": 93, ""Wireframing"": 70, ""Figma"": 75}","{""Wireframing"": 80, ""User Research"": 72, ""HTML/CSS"": 83}",1,45.0,116000,43.8,Group_D,"Experienced Design specialist with 1.9 years working with UI/UX, Wireframing, Figma."
CAND-0661,Analytics,1.9,"{""Statistics"": 70, ""PowerBI"": 67, ""Python"": 76, ""SQL"": 74, ""Data Modeling"": 75, ""Machine Learning"": 63}","{""Statistics"": 77, ""Machine Learning"": 85, ""SQL"": 71, ""Data Modeling"": 71, ""Tableau"": 77}",4,66.1,125000,68.5,Group_B,"Experienced Analytics specialist with 1.9 years working with Statistics, PowerBI, Python, SQL, Data Modeling, Machine Learning."
CAND-0662,Analytics,5.5,"{""Data Modeling"": 91, ""Statistics"": 61, ""PowerBI"": 86, ""SQL"": 95, ""Tableau"": 64, ""Python"": 62}","{""Machine Learning"": 77, ""SQL"": 88, ""Python"": 85}",2,54.1,145000,56.0,Group_C,"Experienced Analytics specialist with 5.5 years working with Data Modeling, Statistics, PowerBI, SQL, Tableau, Python."
CAND-0663,Analytics,13.6,"{""PowerBI"": 78, ""Python"": 77, ""Statistics"": 95, ""SQL"": 83}","{""PowerBI"": 76, ""Python"": 80, ""Statistics"": 78, ""Tableau"": 82, ""Machine Learning"": 73}",3,66.6,207000,66.0,Group_D,"Experienced Analytics specialist with 13.6 years working with PowerBI, Python, Statistics, SQL."
CAND-0664,Analytics,14.5,"{""Python"": 73, ""Data Modeling"": 72, ""SQL"": 96, ""Machine Learning"": 79, ""Statistics"": 73, ""PowerBI"": 97}","{""Tableau"": 88, ""PowerBI"": 78, ""SQL"": 76, ""Python"": 86}",3,72.1,215000,68.4,Group_B,"Experienced Analytics specialist with 14.5 years working with Python, Data Modeling, SQL, Machine Learning, Statistics, PowerBI."
CAND-0665,Infrastructure,3.9,"{""AWS"": 90, ""Ansible"": 95, ""Terraform"": 98, ""Python"": 78, ""Docker"": 75, ""Linux"": 64}","{""Docker"": 71, ""Kubernetes"": 70, ""Linux"": 78, ""Ansible"": 70, ""Python"": 79}",4,65.7,139000,66.8,Group_B,"Experienced Infrastructure specialist with 3.9 years working with AWS, Ansible, Terraform, Python, Docker, Linux."
CAND-0666,Engineering,1.7,"{""TypeScript"": 77, ""System Design"": 86, ""AWS"": 61, ""React"": 79}","{""Node.js"": 78, ""Python"": 84, ""JavaScript"": 76}",0,45.0,115000,47.2,Group_A,"Experienced Engineering specialist with 1.7 years working with TypeScript, System Design, AWS, React."
CAND-0667,Design,3.4,"{""Figma"": 89, ""HTML/CSS"": 97, ""UI/UX"": 95}","{""User Research"": 72, ""Figma"": 74, ""Design Systems"": 76, ""Prototyping"": 72}",1,45.0,127000,45.7,Group_A,"Experienced Design specialist with 3.4 years working with Figma, HTML/CSS, UI/UX."
CAND-0668,Design,7.1,"{""Prototyping"": 77, ""UI/UX"": 78, ""Figma"": 90, ""Design Systems"": 72, ""User Research"": 77, ""Wireframing"": 61}","{""User Research"": 90, ""UI/UX"": 71, ""HTML/CSS"": 88, ""Prototyping"": 83, ""Figma"": 87}",4,75.0,165000,73.9,Group_B,"Experienced Design specialist with 7.1 years working with Prototyping, UI/UX, Figma, Design Systems, User Research, Wireframing."
CAND-0669,Engineering,5.0,"{""Docker"": 90, ""AWS"": 94, ""GraphQL"": 70}","{""AWS"": 90, ""PostgreSQL"": 81, ""JavaScript"": 83, ""GraphQL"": 75}",2,47.5,139000,47.9,Group_C,"Experienced Engineering specialist with 5.0 years working with Docker, AWS, GraphQL."
CAND-0670,Infrastructure,3.1,"{""Prometheus"": 68, ""Linux"": 81, ""CI/CD"": 82, ""Terraform"": 89, ""Kubernetes"": 88, ""Ansible"": 94}","{""CI/CD"": 89, ""Kubernetes"": 80, ""Prometheus"": 87, ""Python"": 90, ""Docker"": 75}",3,54.6,129000,55.7,Group_B,"Experienced Infrastructure specialist with 3.1 years working with Prometheus, Linux, CI/CD, Terraform, Kubernetes, Ansible."
CAND-0671,Design,2.1,"{""Figma"": 96, ""Design Systems"": 60, ""HTML/CSS"": 76, ""Wireframing"": 95, ""User Research"": 70, ""Prototyping"": 74}","{""HTML/CSS"": 81, ""User Research"": 87, ""Prototyping"": 82, ""Figma"": 86, ""UI/UX"": 82}",4,61.0,124000,60.2,Group_D,"Experienced Design specialist with 2.1 years working with Figma, Design Systems, HTML/CSS, Wireframing, User Research, Prototyping."
CAND-0672,Engineering,4.2,"{""JavaScript"": 91, ""TypeScript"": 69, ""React"": 64, ""System Design"": 79, ""Python"": 75, ""GraphQL"": 85}","{""TypeScript"": 76, ""PostgreSQL"": 70, ""Node.js"": 70, ""System Design"": 70}",2,45.0,132000,44.6,Group_A,"Experienced Engineering specialist with 4.2 years working with JavaScript, TypeScript, React, System Design, Python, GraphQL."
CAND-0673,Engineering,4.5,"{""System Design"": 60, ""AWS"": 98, ""Docker"": 79}","{""System Design"": 83, ""AWS"": 89, ""TypeScript"": 88, ""JavaScript"": 85}",2,47.4,135000,49.2,Group_D,"Experienced Engineering specialist with 4.5 years working with System Design, AWS, Docker."
CAND-0674,Engineering,8.0,"{""React"": 94, ""Python"": 66, ""GraphQL"": 87, ""System Design"": 97, ""TypeScript"": 82}","{""GraphQL"": 72, ""React"": 85, ""System Design"": 78, ""PostgreSQL"": 87, ""TypeScript"": 72}",4,67.5,168000,68.4,Group_A,"Experienced Engineering specialist with 8.0 years working with React, Python, GraphQL, System Design, TypeScript."
CAND-0675,Design,6.3,"{""UI/UX"": 79, ""Design Systems"": 95, ""Prototyping"": 88, ""Figma"": 73, ""Wireframing"": 86}","{""Figma"": 88, ""HTML/CSS"": 70, ""UI/UX"": 86}",2,59.5,153000,59.8,Group_D,"Experienced Design specialist with 6.3 years working with UI/UX, Design Systems, Prototyping, Figma, Wireframing."
CAND-0676,Infrastructure,10.8,"{""Prometheus"": 71, ""Kubernetes"": 88, ""CI/CD"": 78, ""Python"": 70, ""Ansible"": 62, ""Terraform"": 78}","{""AWS"": 72, ""Linux"": 76, ""Kubernetes"": 85, ""Prometheus"": 85, ""Docker"": 77}",2,45.0,179000,48.1,Group_B,"Experienced Infrastructure specialist with 10.8 years working with Prometheus, Kubernetes, CI/CD, Python, Ansible, Terraform."
CAND-0677,Design,1.6,"{""UI/UX"": 74, ""User Research"": 88, ""Design Systems"": 67, ""Prototyping"": 66}","{""UI/UX"": 88, ""Wireframing"": 70, ""Design Systems"": 84}",2,53.8,118000,56.3,Group_D,"Experienced Design specialist with 1.6 years working with UI/UX, User Research, Design Systems, Prototyping."
CAND-0678,Engineering,10.9,"{""PostgreSQL"": 77, ""Node.js"": 87, ""System Design"": 95, ""TypeScript"": 87, ""React"": 64}","{""Node.js"": 85, ""Python"": 82, ""AWS"": 86}",1,47.1,180000,50.8,Group_B,"Experienced Engineering specialist with 10.9 years working with PostgreSQL, Node.js, System Design, TypeScript, React."
CAND-0679,Engineering,1.3,"{""Docker"": 88, ""JavaScript"": 94, ""TypeScript"": 83}","{""Python"": 75, ""GraphQL"": 88, ""Node.js"": 83, ""System Design"": 73, ""AWS"": 87}",0,45.0,112000,44.6,Group_C,"Experienced Engineering specialist with 1.3 years working with Docker, JavaScript, TypeScript."
CAND-0680,Product,11.5,"{""Agile"": 93, ""SaaS"": 77, ""Wireframing"": 97, ""Analytics"": 93, ""User Research"": 60, ""Roadmapping"": 79}","{""User Research"": 76, ""Product Strategy"": 76, ""Roadmapping"": 85}",2,66.8,192000,64.7,Group_B,"Experienced Product specialist with 11.5 years working with Agile, SaaS, Wireframing, Analytics, User Research, Roadmapping."
CAND-0681,Design,8.7,"{""UI/UX"": 92, ""HTML/CSS"": 69, ""Wireframing"": 64}","{""Design Systems"": 77, ""Figma"": 90, ""Wireframing"": 83, ""UI/UX"": 90}",2,50.2,166000,49.5,Group_C,"Experienced Design specialist with 8.7 years working with UI/UX, HTML/CSS, Wireframing."
CAND-0682,Design,1.8,"{""Figma"": 85, ""User Research"": 88, ""Prototyping"": 98, ""Wireframing"": 74, ""Design Systems"": 68, ""UI/UX"": 90}","{""Wireframing"": 89, ""Design Systems"": 86, ""Prototyping"": 79, ""UI/UX"": 85, ""Figma"": 72}",5,76.7,128000,72.7,Group_A,"Experienced Design specialist with 1.8 years working with Figma, User Research, Prototyping, Wireframing, Design Systems, UI/UX."
CAND-0683,Analytics,2.2,"{""Data Modeling"": 77, ""Statistics"": 85, ""SQL"": 77, ""Tableau"": 89}","{""Data Modeling"": 85, ""Tableau"": 86, ""Statistics"": 85, ""Machine Learning"": 82, ""Python"": 88}",3,51.9,121000,55.3,Group_B,"Experienced Analytics specialist with 2.2 years working with Data Modeling, Statistics, SQL, Tableau."
CAND-0684,Design,5.7,"{""User Research"": 77, ""Design Systems"": 78, ""HTML/CSS"": 98, ""Figma"": 92, ""UI/UX"": 74, ""Wireframing"": 80}","{""UI/UX"": 79, ""Design Systems"": 76, ""Wireframing"": 80, ""User Research"": 86}",4,84.4,159000,81.3,Group_D,"Experienced Design specialist with 5.7 years working with User Research, Design Systems, HTML/CSS, Figma, UI/UX, Wireframing."
CAND-0685,Product,11.8,"{""Analytics"": 94, ""Product Strategy"": 95, ""User Research"": 80, ""SaaS"": 73}","{""SaaS"": 90, ""Agile"": 77, ""User Research"": 76, ""Wireframing"": 89}",2,58.6,191000,60.9,Group_B,"Experienced Product specialist with 11.8 years working with Analytics, Product Strategy, User Research, SaaS."
CAND-0686,Design,6.2,"{""Prototyping"": 69, ""HTML/CSS"": 76, ""User Research"": 98, ""Wireframing"": 64, ""Design Systems"": 76, ""UI/UX"": 67}","{""Wireframing"": 72, ""Design Systems"": 76, ""Prototyping"": 78, ""Figma"": 85}",3,65.3,155000,68.0,Group_C,"Experienced Design specialist with 6.2 years working with Prototyping, HTML/CSS, User Research, Wireframing, Design Systems, UI/UX."
CAND-0687,Analytics,8.9,"{""Tableau"": 98, ""SQL"": 66, ""PowerBI"": 90, ""Machine Learning"": 87}","{""Tableau"": 73, ""SQL"": 81, ""Python"": 71, ""Machine Learning"": 71}",3,72.8,176000,70.6,Group_C,"Experienced Analytics specialist with 8.9 years working with Tableau, SQL, PowerBI, Machine Learning."
CAND-0688,Product,12.0,"{""Roadmapping"": 67, ""Agile"": 81, ""User Research"": 77, ""Analytics"": 78, ""Scrum"": 87, ""Wireframing"": 75}","{""Roadmapping"": 88, ""Analytics"": 78, ""Scrum"": 87}",3,89.5,205000,85.8,Group_A,"Experienced Product specialist with 12.0 years working with Roadmapping, Agile, User Research, Analytics, Scrum, Wireframing."
CAND-0689,Analytics,9.2,"{""Python"": 70, ""PowerBI"": 65, ""Data Modeling"": 96, ""SQL"": 77}","{""SQL"": 77, ""Data Modeling"": 77, ""Python"": 84, ""PowerBI"": 89}",4,83.9,183000,80.2,Group_B,"Experienced Analytics specialist with 9.2 years working with Python, PowerBI, Data Modeling, SQL."
CAND-0690,Infrastructure,2.5,"{""Python"": 84, ""Linux"": 88, ""Prometheus"": 73, ""Ansible"": 74}","{""Docker"": 84, ""Linux"": 84, ""AWS"": 74}",1,45.0,120000,45.7,Group_D,"Experienced Infrastructure specialist with 2.5 years working with Python, Linux, Prometheus, Ansible."
CAND-0691,Engineering,8.6,"{""TypeScript"": 81, ""GraphQL"": 80, ""System Design"": 61, ""PostgreSQL"": 91, ""Python"": 92}","{""System Design"": 72, ""GraphQL"": 89, ""TypeScript"": 82, ""JavaScript"": 75, ""Node.js"": 82}",3,55.5,167000,54.9,Group_D,"Experienced Engineering specialist with 8.6 years working with TypeScript, GraphQL, System Design, PostgreSQL, Python."
CAND-0692,Infrastructure,4.5,"{""Terraform"": 96, ""Linux"": 75, ""Python"": 64, ""Prometheus"": 88, ""Kubernetes"": 61}","{""AWS"": 85, ""Prometheus"": 83, ""Terraform"": 84, ""Kubernetes"": 83}",3,59.4,140000,58.2,Group_B,"Experienced Infrastructure specialist with 4.5 years working with Terraform, Linux, Python, Prometheus, Kubernetes."
CAND-0693,Infrastructure,6.1,"{""Ansible"": 93, ""CI/CD"": 98, ""Docker"": 93, ""Linux"": 72, ""Python"": 62}","{""AWS"": 72, ""Kubernetes"": 75, ""Linux"": 72, ""Docker"": 89}",2,50.1,148000,48.4,Group_A,"Experienced Infrastructure specialist with 6.1 years working with Ansible, CI/CD, Docker, Linux, Python."
CAND-0694,Analytics,14.0,"{""Python"": 74, ""Tableau"": 86, ""Data Modeling"": 79, ""PowerBI"": 70, ""Machine Learning"": 93, ""SQL"": 64}","{""Data Modeling"": 71, ""SQL"": 88, ""Machine Learning"": 90}",3,96.5,222000,96.0,Group_B,"Experienced Analytics specialist with 14.0 years working with Python, Tableau, Data Modeling, PowerBI, Machine Learning, SQL."
CAND-0695,Infrastructure,8.7,"{""CI/CD"": 64, ""Terraform"": 66, ""Kubernetes"": 77, ""Docker"": 71, ""Python"": 94, ""Linux"": 67}","{""Prometheus"": 74, ""AWS"": 87, ""Ansible"": 75, ""Docker"": 77}",1,45.0,164000,45.4,Group_B,"Experienced Infrastructure specialist with 8.7 years working with CI/CD, Terraform, Kubernetes, Docker, Python, Linux."
CAND-0696,Infrastructure,8.2,"{""Prometheus"": 68, ""Kubernetes"": 70, ""Terraform"": 63}","{""CI/CD"": 81, ""Prometheus"": 88, ""Docker"": 78, ""Python"": 84}",1,45.0,160000,44.5,Group_A,"Experienced Infrastructure specialist with 8.2 years working with Prometheus, Kubernetes, Terraform."
CAND-0697,Product,3.3,"{""Product Strategy"": 60, ""Roadmapping"": 78, ""Wireframing"": 89}","{""Wireframing"": 86, ""User Research"": 84, ""Roadmapping"": 90, ""Analytics"": 86, ""Scrum"": 81}",2,45.0,126000,46.9,Group_D,"Experienced Product specialist with 3.3 years working with Product Strategy, Roadmapping, Wireframing."
CAND-0698,Infrastructure,8.3,"{""CI/CD"": 98, ""Ansible"": 83, ""Docker"": 79, ""Kubernetes"": 67, ""Linux"": 98, ""AWS"": 86}","{""Linux"": 80, ""Python"": 85, ""CI/CD"": 76, ""Kubernetes"": 70}",3,65.7,169000,67.1,Group_B,"Experienced Infrastructure specialist with 8.3 years working with CI/CD, Ansible, Docker, Kubernetes, Linux, AWS."
CAND-0699,Design,13.1,"{""HTML/CSS"": 69, ""User Research"": 61, ""Prototyping"": 74, ""UI/UX"": 88}","{""Prototyping"": 81, ""Wireframing"": 76, ""HTML/CSS"": 84, ""Design Systems"": 74}",2,56.6,199000,54.4,Group_B,"Experienced Design specialist with 13.1 years working with HTML/CSS, User Research, Prototyping, UI/UX."
CAND-0700,Engineering,5.1,"{""AWS"": 87, ""GraphQL"": 64, ""System Design"": 98}","{""AWS"": 85, ""PostgreSQL"": 72, ""GraphQL"": 81, ""React"": 80}",2,45.0,139000,48.9,Group_B,"Experienced Engineering specialist with 5.1 years working with AWS, GraphQL, System Design."
CAND-0701,Engineering,14.9,"{""PostgreSQL"": 92, ""Python"": 73, ""React"": 93, ""GraphQL"": 83}","{""GraphQL"": 89, ""System Design"": 84, ""AWS"": 81}",1,49.4,209000,49.2,Group_A,"Experienced Engineering specialist with 14.9 years working with PostgreSQL, Python, React, GraphQL."
CAND-0702,Analytics,9.2,"{""Data Modeling"": 69, ""PowerBI"": 84, ""Statistics"": 81, ""SQL"": 88, ""Tableau"": 77, ""Machine Learning"": 69}","{""Data Modeling"": 89, ""Python"": 82, ""SQL"": 78}",2,62.9,175000,60.1,Group_C,"Experienced Analytics specialist with 9.2 years working with Data Modeling, PowerBI, Statistics, SQL, Tableau, Machine Learning."
CAND-0703,Engineering,14.3,"{""System Design"": 69, ""TypeScript"": 87, ""Docker"": 95, ""GraphQL"": 96}","{""TypeScript"": 71, ""React"": 78, ""Node.js"": 85, ""GraphQL"": 72}",2,56.3,208000,59.3,Group_B,"Experienced Engineering specialist with 14.3 years working with System Design, TypeScript, Docker, GraphQL."
CAND-0704,Design,2.6,"{""Wireframing"": 96, ""User Research"": 95, ""Design Systems"": 95, ""HTML/CSS"": 81, ""UI/UX"": 80, ""Prototyping"": 93}","{""HTML/CSS"": 86, ""Wireframing"": 78, ""Design Systems"": 89}",3,81.2,136000,78.2,Group_A,"Experienced Design specialist with 2.6 years working with Wireframing, User Research, Design Systems, HTML/CSS, UI/UX, Prototyping."
CAND-0705,Design,7.8,"{""Design Systems"": 97, ""User Research"": 79, ""Prototyping"": 76, ""Wireframing"": 66, ""Figma"": 69}","{""UI/UX"": 73, ""Wireframing"": 87, ""HTML/CSS"": 86, ""Prototyping"": 81, ""Figma"": 83}",3,59.8,164000,59.5,Group_C,"Experienced Design specialist with 7.8 years working with Design Systems, User Research, Prototyping, Wireframing, Figma."
CAND-0706,Infrastructure,2.1,"{""Ansible"": 63, ""Docker"": 87, ""Linux"": 85, ""CI/CD"": 87}","{""Linux"": 80, ""Ansible"": 81, ""Kubernetes"": 73}",2,52.5,121000,53.2,Group_D,"Experienced Infrastructure specialist with 2.1 years working with Ansible, Docker, Linux, CI/CD."
CAND-0707,Design,9.2,"{""Prototyping"": 81, ""UI/UX"": 70, ""User Research"": 98, ""HTML/CSS"": 80, ""Design Systems"": 97, ""Figma"": 84}","{""Figma"": 70, ""Wireframing"": 74, ""HTML/CSS"": 87}",2,63.2,175000,65.5,Group_B,"Experienced Design specialist with 9.2 years working with Prototyping, UI/UX, User Research, HTML/CSS, Design Systems, Figma."
CAND-0708,Engineering,1.0,"{""React"": 83, ""JavaScript"": 82, ""Python"": 96, ""System Design"": 65}","{""JavaScript"": 73, ""Python"": 71, ""AWS"": 88}",2,48.8,112000,47.1,Group_A,"Experienced Engineering specialist with 1.0 years working with React, JavaScript, Python, System Design."
CAND-0709,Product,12.1,"{""Wireframing"": 93, ""Agile"": 64, ""SaaS"": 78, ""Analytics"": 68, ""User Research"": 64, ""Roadmapping"": 89}","{""Analytics"": 85, ""Product Strategy"": 89, ""User Research"": 77, ""Wireframing"": 79, ""Agile"": 71}",4,76.1,200000,74.0,Group_B,"Experienced Product specialist with 12.1 years working with Wireframing, Agile, SaaS, Analytics, User Research, Roadmapping."
CAND-0710,Design,12.3,"{""Design Systems"": 75, ""User Research"": 79, ""HTML/CSS"": 80, ""Prototyping"": 73, ""UI/UX"": 75}","{""UI/UX"": 72, ""HTML/CSS"": 71, ""Wireframing"": 88, ""Figma"": 73}",2,52.9,192000,56.7,Group_B,"Experienced Design specialist with 12.3 years working with Design Systems, User Research, HTML/CSS, Prototyping, UI/UX."
CAND-0711,Product,11.1,"{""User Research"": 90, ""Wireframing"": 87, ""SaaS"": 86, ""Analytics"": 67, ""Product Strategy"": 95}","{""Analytics"": 81, ""User Research"": 75, ""Product Strategy"": 82, ""Roadmapping"": 76, ""Agile"": 81}",3,57.5,186000,55.1,Group_C,"Experienced Product specialist with 11.1 years working with User Research, Wireframing, SaaS, Analytics, Product Strategy."
CAND-0712,Design,3.6,"{""Prototyping"": 80, ""HTML/CSS"": 87, ""Wireframing"": 80, ""User Research"": 96, ""UI/UX"": 71, ""Figma"": 60}","{""User Research"": 85, ""Prototyping"": 80, ""Figma"": 74}",3,75.2,140000,72.0,Group_D,"Experienced Design specialist with 3.6 years working with Prototyping, HTML/CSS, Wireframing, User Research, UI/UX, Figma."
CAND-0713,Infrastructure,13.7,"{""Linux"": 83, ""Kubernetes"": 81, ""Prometheus"": 83, ""Ansible"": 81}","{""Docker"": 86, ""Ansible"": 76, ""Linux"": 76}",2,66.4,207000,67.2,Group_C,"Experienced Infrastructure specialist with 13.7 years working with Linux, Kubernetes, Prometheus, Ansible."
CAND-0714,Analytics,6.5,"{""PowerBI"": 97, ""Statistics"": 95, ""SQL"": 78, ""Data Modeling"": 94}","{""SQL"": 83, ""Tableau"": 88, ""Statistics"": 90, ""Data Modeling"": 72}",3,65.9,157000,67.9,Group_D,"Experienced Analytics specialist with 6.5 years working with PowerBI, Statistics, SQL, Data Modeling."
CAND-0715,Analytics,9.0,"{""Data Modeling"": 79, ""Machine Learning"": 62, ""Python"": 74, ""PowerBI"": 97, ""Statistics"": 76}","{""Tableau"": 71, ""SQL"": 77, ""Machine Learning"": 84, ""Python"": 77}",2,51.0,168000,51.5,Group_A,"Experienced Analytics specialist with 9.0 years working with Data Modeling, Machine Learning, Python, PowerBI, Statistics."
CAND-0716,Infrastructure,8.5,"{""Kubernetes"": 97, ""Python"": 73, ""Linux"": 94, ""Ansible"": 95, ""Prometheus"": 78, ""Terraform"": 67}","{""Linux"": 87, ""AWS"": 90, ""Docker"": 76}",1,45.0,162000,46.0,Group_C,"Experienced Infrastructure specialist with 8.5 years working with Kubernetes, Python, Linux, Ansible, Prometheus, Terraform."
CAND-0717,Product,14.3,"{""Product Strategy"": 76, ""Wireframing"": 70, ""User Research"": 78}","{""Analytics"": 75, ""Roadmapping"": 81, ""Product Strategy"": 73, ""Scrum"": 79, ""User Research"": 79}",2,57.0,208000,58.6,Group_A,"Experienced Product specialist with 14.3 years working with Product Strategy, Wireframing, User Research."
CAND-0718,Engineering,14.8,"{""React"": 77, ""TypeScript"": 71, ""Node.js"": 67}","{""AWS"": 73, ""Node.js"": 85, ""GraphQL"": 89, ""Python"": 78}",1,45.1,207000,45.6,Group_A,"Experienced Engineering specialist with 14.8 years working with React, TypeScript, Node.js."
CAND-0719,Infrastructure,3.5,"{""Prometheus"": 65, ""Python"": 64, ""AWS"": 70, ""Kubernetes"": 69}","{""CI/CD"": 81, ""Terraform"": 70, ""Ansible"": 80, ""AWS"": 82}",1,45.0,128000,46.0,Group_D,"Experienced Infrastructure specialist with 3.5 years working with Prometheus, Python, AWS, Kubernetes."
CAND-0720,Product,3.3,"{""Product Strategy"": 80, ""User Research"": 83, ""Wireframing"": 72, ""Roadmapping"": 62, ""Analytics"": 62, ""Scrum"": 88}","{""Agile"": 70, ""Analytics"": 81, ""SaaS"": 90}",1,45.0,126000,47.9,Group_A,"Experienced Product specialist with 3.3 years working with Product Strategy, User Research, Wireframing, Roadmapping, Analytics, Scrum."
CAND-0721,Infrastructure,13.1,"{""CI/CD"": 93, ""Docker"": 95, ""Python"": 67}","{""CI/CD"": 80, ""Ansible"": 73, ""Terraform"": 89, ""Python"": 71, ""AWS"": 90}",2,48.6,196000,48.6,Group_D,"Experienced Infrastructure specialist with 13.1 years working with CI/CD, Docker, Python."
CAND-0722,Infrastructure,1.5,"{""Kubernetes"": 68, ""Python"": 76, ""AWS"": 84}","{""Python"": 83, ""AWS"": 72, ""Linux"": 86}",2,52.3,116000,53.1,Group_C,"Experienced Infrastructure specialist with 1.5 years working with Kubernetes, Python, AWS."
CAND-0723,Design,1.3,"{""User Research"": 98, ""UI/UX"": 98, ""Figma"": 66, ""HTML/CSS"": 83, ""Wireframing"": 67}","{""User Research"": 73, ""Wireframing"": 75, ""HTML/CSS"": 88}",3,73.9,124000,74.8,Group_B,"Experienced Design specialist with 1.3 years working with User Research, UI/UX, Figma, HTML/CSS, Wireframing."
CAND-0724,Engineering,4.9,"{""PostgreSQL"": 95, ""Docker"": 79, ""Python"": 66}","{""React"": 80, ""Python"": 78, ""System Design"": 71, ""Docker"": 74}",2,45.0,137000,49.1,Group_A,"Experienced Engineering specialist with 4.9 years working with PostgreSQL, Docker, Python."
CAND-0725,Engineering,13.5,"{""GraphQL"": 94, ""AWS"": 66, ""System Design"": 76}","{""Docker"": 72, ""PostgreSQL"": 80, ""TypeScript"": 75}",0,45.0,198000,48.9,Group_A,"Experienced Engineering specialist with 13.5 years working with GraphQL, AWS, System Design."
CAND-0726,Engineering,7.6,"{""JavaScript"": 60, ""PostgreSQL"": 93, ""TypeScript"": 77, ""GraphQL"": 96}","{""TypeScript"": 76, ""GraphQL"": 89, ""Docker"": 82, ""React"": 76, ""PostgreSQL"": 86}",3,55.1,160000,53.5,Group_D,"Experienced Engineering specialist with 7.6 years working with JavaScript, PostgreSQL, TypeScript, GraphQL."
CAND-0727,Analytics,5.0,"{""Machine Learning"": 98, ""SQL"": 91, ""PowerBI"": 60, ""Tableau"": 67}","{""Machine Learning"": 88, ""Python"": 75, ""Tableau"": 90, ""Statistics"": 88}",2,45.0,138000,47.4,Group_B,"Experienced Analytics specialist with 5.0 years working with Machine Learning, SQL, PowerBI, Tableau."
CAND-0728,Engineering,4.2,"{""React"": 73, ""Node.js"": 77, ""System Design"": 67, ""PostgreSQL"": 96}","{""TypeScript"": 83, ""Node.js"": 73, ""React"": 80}",2,54.3,136000,52.8,Group_A,"Experienced Engineering specialist with 4.2 years working with React, Node.js, System Design, PostgreSQL."
CAND-0729,Infrastructure,5.6,"{""Linux"": 73, ""Python"": 84, ""Terraform"": 82, ""AWS"": 72, ""Docker"": 75, ""Ansible"": 91}","{""Python"": 70, ""Linux"": 83, ""Kubernetes"": 84, ""CI/CD"": 75}",2,45.0,142000,48.7,Group_A,"Experienced Infrastructure specialist with 5.6 years working with Linux, Python, Terraform, AWS, Docker, Ansible."
CAND-0730,Design,8.3,"{""Prototyping"": 78, ""Figma"": 77, ""User Research"": 71, ""UI/UX"": 87}","{""Prototyping"": 88, ""Design Systems"": 84, ""Figma"": 81}",2,60.8,167000,59.3,Group_B,"Experienced Design specialist with 8.3 years working with Prototyping, Figma, User Research, UI/UX."
CAND-0731,Infrastructure,12.8,"{""Python"": 61, ""CI/CD"": 75, ""Terraform"": 91, ""Docker"": 84, ""Linux"": 74, ""AWS"": 95}","{""CI/CD"": 86, ""Docker"": 78, ""Prometheus"": 73, ""AWS"": 78, ""Linux"": 86}",4,81.1,207000,81.1,Group_A,"Experienced Infrastructure specialist with 12.8 years working with Python, CI/CD, Terraform, Docker, Linux, AWS."
CAND-0732,Engineering,8.9,"{""TypeScript"": 75, ""Python"": 95, ""PostgreSQL"": 96}","{""JavaScript"": 80, ""GraphQL"": 87, ""React"": 83, ""Node.js"": 88, ""PostgreSQL"": 80}",1,45.0,165000,44.6,Group_A,"Experienced Engineering specialist with 8.9 years working with TypeScript, Python, PostgreSQL."
CAND-0733,Infrastructure,11.1,"{""Python"": 66, ""Prometheus"": 84, ""Ansible"": 90, ""Docker"": 72, ""Terraform"": 75, ""CI/CD"": 80}","{""AWS"": 77, ""Prometheus"": 87, ""Terraform"": 80}",2,66.4,189000,65.7,Group_A,"Experienced Infrastructure specialist with 11.1 years working with Python, Prometheus, Ansible, Docker, Terraform, CI/CD."
CAND-0734,Engineering,2.4,"{""TypeScript"": 89, ""System Design"": 86, ""React"": 94, ""Node.js"": 64}","{""PostgreSQL"": 77, ""GraphQL"": 76, ""JavaScript"": 76}",0,45.0,120000,43.6,Group_A,"Experienced Engineering specialist with 2.4 years working with TypeScript, System Design, React, Node.js."
CAND-0735,Analytics,6.7,"{""Statistics"": 81, ""Machine Learning"": 75, ""PowerBI"": 67, ""Python"": 65, ""SQL"": 76}","{""Machine Learning"": 78, ""Statistics"": 87, ""Python"": 75, ""SQL"": 70, ""Data Modeling"": 85}",4,73.1,161000,70.6,Group_D,"Experienced Analytics specialist with 6.7 years working with Statistics, Machine Learning, PowerBI, Python, SQL."
CAND-0736,Infrastructure,2.4,"{""Python"": 82, ""Kubernetes"": 82, ""Terraform"": 88, ""AWS"": 95}","{""CI/CD"": 70, ""Kubernetes"": 78, ""AWS"": 76, ""Ansible"": 75, ""Python"": 75}",3,47.5,121000,46.0,Group_B,"Experienced Infrastructure specialist with 2.4 years working with Python, Kubernetes, Terraform, AWS."
CAND-0737,Product,12.6,"{""SaaS"": 88, ""Wireframing"": 74, ""Roadmapping"": 68, ""Agile"": 62}","{""Roadmapping"": 79, ""SaaS"": 83, ""User Research"": 74}",2,70.3,201000,71.7,Group_B,"Experienced Product specialist with 12.6 years working with SaaS, Wireframing, Roadmapping, Agile."
CAND-0738,Design,6.3,"{""User Research"": 86, ""Figma"": 66, ""Design Systems"": 65, ""UI/UX"": 70}","{""Figma"": 73, ""UI/UX"": 83, ""Prototyping"": 77}",2,62.1,154000,60.1,Group_C,"Experienced Design specialist with 6.3 years working with User Research, Figma, Design Systems, UI/UX."
CAND-0739,Design,3.2,"{""Prototyping"": 77, ""Wireframing"": 80, ""UI/UX"": 76, ""HTML/CSS"": 98}","{""HTML/CSS"": 82, ""Figma"": 79, ""UI/UX"": 82}",2,58.7,131000,58.8,Group_A,"Experienced Design specialist with 3.2 years working with Prototyping, Wireframing, UI/UX, HTML/CSS."
CAND-0740,Analytics,2.6,"{""SQL"": 95, ""Python"": 90, ""Machine Learning"": 85, ""Data Modeling"": 97}","{""Statistics"": 77, ""Python"": 74, ""SQL"": 77, ""Data Modeling"": 71, ""Tableau"": 86}",3,54.0,125000,54.9,Group_A,"Experienced Analytics specialist with 2.6 years working with SQL, Python, Machine Learning, Data Modeling."
CAND-0741,Product,8.5,"{""User Research"": 65, ""Analytics"": 76, ""Scrum"": 76}","{""SaaS"": 83, ""Scrum"": 85, ""Product Strategy"": 76, ""Agile"": 74}",1,45.0,162000,44.7,Group_A,"Experienced Product specialist with 8.5 years working with User Research, Analytics, Scrum."
CAND-0742,Analytics,3.1,"{""SQL"": 89, ""PowerBI"": 70, ""Machine Learning"": 77, ""Data Modeling"": 81, ""Tableau"": 61, ""Python"": 62}","{""Data Modeling"": 70, ""SQL"": 72, ""Statistics"": 80}",2,52.4,128000,54.7,Group_A,"Experienced Analytics specialist with 3.1 years working with SQL, PowerBI, Machine Learning, Data Modeling, Tableau, Python."
CAND-0743,Engineering,10.6,"{""Node.js"": 61, ""GraphQL"": 69, ""AWS"": 82, ""React"": 80, ""PostgreSQL"": 84, ""Python"": 67}","{""Python"": 87, ""Docker"": 74, ""PostgreSQL"": 89, ""Node.js"": 88, ""React"": 87}",4,74.9,189000,73.9,Group_A,"Experienced Engineering specialist with 10.6 years working with Node.js, GraphQL, AWS, React, PostgreSQL, Python."
CAND-0744,Product,3.5,"{""Agile"": 92, ""SaaS"": 87, ""Roadmapping"": 89, ""User Research"": 61, ""Wireframing"": 62}","{""Agile"": 82, ""Wireframing"": 81, ""User Research"": 90, ""SaaS"": 80, ""Product Strategy"": 72}",4,64.3,135000,64.3,Group_B,"Experienced Product specialist with 3.5 years working with Agile, SaaS, Roadmapping, User Research, Wireframing."
CAND-0745,Design,6.3,"{""UI/UX"": 77, ""Prototyping"": 92, ""Wireframing"": 74}","{""User Research"": 79, ""HTML/CSS"": 75, ""Figma"": 88, ""Wireframing"": 82}",1,45.0,147000,46.7,Group_A,"Experienced Design specialist with 6.3 years working with UI/UX, Prototyping, Wireframing."
CAND-0746,Design,1.7,"{""UI/UX"": 82, ""Prototyping"": 61, ""Design Systems"": 93, ""HTML/CSS"": 71}","{""Figma"": 71, ""Wireframing"": 73, ""User Research"": 82}",0,45.0,115000,46.6,Group_A,"Experienced Design specialist with 1.7 years working with UI/UX, Prototyping, Design Systems, HTML/CSS."
CAND-0747,Infrastructure,9.8,"{""CI/CD"": 72, ""Ansible"": 84, ""Terraform"": 72, ""Docker"": 93, ""Python"": 64}","{""Python"": 72, ""Terraform"": 74, ""Docker"": 82, ""AWS"": 89}",3,72.3,183000,72.9,Group_C,"Experienced Infrastructure specialist with 9.8 years working with CI/CD, Ansible, Terraform, Docker, Python."
CAND-0748,Design,5.2,"{""UI/UX"": 83, ""Prototyping"": 93, ""Wireframing"": 87}","{""Figma"": 72, ""User Research"": 84, ""HTML/CSS"": 71}",0,45.0,139000,45.1,Group_D,"Experienced Design specialist with 5.2 years working with UI/UX, Prototyping, Wireframing."
CAND-0749,Product,6.0,"{""Analytics"": 74, ""Scrum"": 83, ""Agile"": 81, ""Product Strategy"": 94, ""Roadmapping"": 71}","{""Roadmapping"": 72, ""Scrum"": 85, ""User Research"": 82, ""Agile"": 79}",3,64.6,153000,63.1,Group_C,"Experienced Product specialist with 6.0 years working with Analytics, Scrum, Agile, Product Strategy, Roadmapping."
CAND-0750,Analytics,9.1,"{""Data Modeling"": 83, ""Python"": 75, ""SQL"": 95}","{""Machine Learning"": 74, ""Data Modeling"": 84, ""Python"": 89, ""Tableau"": 71, ""Statistics"": 80}",2,45.0,167000,47.5,Group_A,"Experienced Analytics specialist with 9.1 years working with Data Modeling, Python, SQL."
CAND-0751,Infrastructure,4.3,"{""Terraform"": 76, ""AWS"": 97, ""Docker"": 80, ""Python"": 67}","{""Terraform"": 72, ""CI/CD"": 73, ""Linux"": 89, ""Kubernetes"": 84}",1,45.0,133000,47.7,Group_A,"Experienced Infrastructure specialist with 4.3 years working with Terraform, AWS, Docker, Python."
CAND-0752,Analytics,1.7,"{""Python"": 91, ""Machine Learning"": 73, ""SQL"": 68, ""Data Modeling"": 85}","{""Tableau"": 72, ""Python"": 72, ""SQL"": 89, ""PowerBI"": 86, ""Machine Learning"": 85}",3,51.9,118000,51.7,Group_D,"Experienced Analytics specialist with 1.7 years working with Python, Machine Learning, SQL, Data Modeling."
CAND-0753,Engineering,7.5,"{""PostgreSQL"": 61, ""Docker"": 61, ""React"": 97, ""GraphQL"": 66, ""Node.js"": 81, ""AWS"": 86}","{""PostgreSQL"": 77, ""JavaScript"": 82, ""React"": 80}",2,61.4,162000,62.7,Group_C,"Experienced Engineering specialist with 7.5 years working with PostgreSQL, Docker, React, GraphQL, Node.js, AWS."
CAND-0754,Infrastructure,12.5,"{""Linux"": 73, ""Kubernetes"": 85, ""Python"": 83}","{""AWS"": 89, ""CI/CD"": 72, ""Kubernetes"": 73, ""Linux"": 86, ""Ansible"": 90}",2,52.4,193000,51.9,Group_C,"Experienced Infrastructure specialist with 12.5 years working with Linux, Kubernetes, Python."
CAND-0755,Product,4.2,"{""User Research"": 72, ""Scrum"": 70, ""Agile"": 70, ""Analytics"": 73, ""Product Strategy"": 98, ""Roadmapping"": 98}","{""SaaS"": 80, ""Agile"": 80, ""Product Strategy"": 83, ""Roadmapping"": 72, ""Wireframing"": 72}",3,50.2,134000,48.4,Group_C,"Experienced Product specialist with 4.2 years working with User Research, Scrum, Agile, Analytics, Product Strategy, Roadmapping."
CAND-0756,Product,8.3,"{""Agile"": 91, ""Scrum"": 85, ""SaaS"": 87, ""Wireframing"": 87, ""User Research"": 62, ""Analytics"": 93}","{""Product Strategy"": 70, ""Agile"": 71, ""User Research"": 76, ""Wireframing"": 71, ""Roadmapping"": 86}",3,61.9,168000,61.1,Group_D,"Experienced Product specialist with 8.3 years working with Agile, Scrum, SaaS, Wireframing, User Research, Analytics."
CAND-0757,Analytics,2.2,"{""PowerBI"": 64, ""Python"": 80, ""Data Modeling"": 73}","{""Python"": 80, ""Data Modeling"": 81, ""Tableau"": 71}",2,57.8,124000,58.2,Group_B,"Experienced Analytics specialist with 2.2 years working with PowerBI, Python, Data Modeling."
CAND-0758,Design,9.0,"{""HTML/CSS"": 93, ""Prototyping"": 76, ""Wireframing"": 78, ""UI/UX"": 62, ""User Research"": 67, ""Figma"": 75}","{""Design Systems"": 76, ""Figma"": 80, ""Wireframing"": 79, ""Prototyping"": 77}",3,69.3,176000,69.8,Group_B,"Experienced Design specialist with 9.0 years working with HTML/CSS, Prototyping, Wireframing, UI/UX, User Research, Figma."
CAND-0759,Design,1.6,"{""HTML/CSS"": 63, ""User Research"": 66, ""Design Systems"": 83, ""Figma"": 88}","{""HTML/CSS"": 81, ""Figma"": 88, ""Design Systems"": 88, ""Wireframing"": 72, ""User Research"": 79}",4,61.0,121000,59.2,Group_A,"Experienced Design specialist with 1.6 years working with HTML/CSS, User Research, Design Systems, Figma."
CAND-0760,Design,14.9,"{""Prototyping"": 96, ""Design Systems"": 84, ""HTML/CSS"": 78, ""Wireframing"": 95}","{""Design Systems"": 79, ""Wireframing"": 74, ""Prototyping"": 87, ""Figma"": 81, ""User Research"": 88}",3,65.7,216000,68.2,Group_B,"Experienced Design specialist with 14.9 years working with Prototyping, Design Systems, HTML/CSS, Wireframing."
CAND-0761,Product,5.6,"{""Analytics"": 79, ""Agile"": 96, ""Wireframing"": 72}","{""Roadmapping"": 77, ""Agile"": 79, ""Product Strategy"": 74}",1,45.0,142000,46.0,Group_A,"Experienced Product specialist with 5.6 years working with Analytics, Agile, Wireframing."
CAND-0762,Design,9.7,"{""Design Systems"": 85, ""Prototyping"": 67, ""UI/UX"": 89}","{""Figma"": 76, ""HTML/CSS"": 79, ""Prototyping"": 87, ""UI/UX"": 77}",2,53.1,174000,52.2,Group_C,"Experienced Design specialist with 9.7 years working with Design Systems, Prototyping, UI/UX."
CAND-0763,Product,13.6,"{""Agile"": 82, ""Scrum"": 86, ""SaaS"": 67, ""Wireframing"": 69}","{""Scrum"": 82, ""SaaS"": 88, ""Agile"": 81, ""Analytics"": 87, ""Product Strategy"": 74}",3,64.5,206000,62.9,Group_D,"Experienced Product specialist with 13.6 years working with Agile, Scrum, SaaS, Wireframing."
CAND-0764,Analytics,6.3,"{""Statistics"": 87, ""SQL"": 66, ""Python"": 69, ""Data Modeling"": 72, ""Tableau"": 93, ""Machine Learning"": 80}","{""Tableau"": 82, ""SQL"": 87, ""Data Modeling"": 74, ""Python"": 77, ""PowerBI"": 88}",4,72.4,158000,70.5,Group_C,"Experienced Analytics specialist with 6.3 years working with Statistics, SQL, Python, Data Modeling, Tableau, Machine Learning."
CAND-0765,Engineering,13.0,"{""GraphQL"": 92, ""TypeScript"": 87, ""React"": 98, ""Docker"": 85}","{""Node.js"": 82, ""React"": 86, ""Docker"": 76, ""System Design"": 72}",2,53.1,197000,52.0,Group_C,"Experienced Engineering specialist with 13.0 years working with GraphQL, TypeScript, React, Docker."
CAND-0766,Engineering,1.7,"{""System Design"": 77, ""PostgreSQL"": 65, ""React"": 78}","{""Docker"": 83, ""Node.js"": 75, ""AWS"": 90, ""React"": 86, ""TypeScript"": 76}",1,45.0,115000,49.1,Group_D,"Experienced Engineering specialist with 1.7 years working with System Design, PostgreSQL, React."
CAND-0767,Product,1.7,"{""Roadmapping"": 91, ""User Research"": 88, ""SaaS"": 88, ""Scrum"": 98, ""Agile"": 78}","{""SaaS"": 74, ""Agile"": 82, ""User Research"": 83, ""Roadmapping"": 74}",4,78.2,128000,76.0,Group_A,"Experienced Product specialist with 1.7 years working with Roadmapping, User Research, SaaS, Scrum, Agile."
CAND-0768,Design,11.1,"{""Prototyping"": 85, ""Figma"": 93, ""UI/UX"": 94, ""HTML/CSS"": 76, ""Design Systems"": 64, ""Wireframing"": 72}","{""UI/UX"": 72, ""Prototyping"": 74, ""Wireframing"": 80}",3,88.4,198000,88.9,Group_B,"Experienced Design specialist with 11.1 years working with Prototyping, Figma, UI/UX, HTML/CSS, Design Systems, Wireframing."
CAND-0769,Infrastructure,13.8,"{""Docker"": 73, ""Ansible"": 70, ""Python"": 66, ""Kubernetes"": 65, ""Terraform"": 98, ""AWS"": 70}","{""Linux"": 83, ""Docker"": 77, ""Ansible"": 86}",2,74.9,212000,72.8,Group_D,"Experienced Infrastructure specialist with 13.8 years working with Docker, Ansible, Python, Kubernetes, Terraform, AWS."
CAND-0770,Design,8.6,"{""Prototyping"": 64, ""Figma"": 94, ""UI/UX"": 78, ""Design Systems"": 79, ""Wireframing"": 76}","{""Figma"": 74, ""HTML/CSS"": 82, ""UI/UX"": 79, ""User Research"": 86, ""Wireframing"": 71}",3,63.2,170000,60.7,Group_C,"Experienced Design specialist with 8.6 years working with Prototyping, Figma, UI/UX, Design Systems, Wireframing."
CAND-0771,Infrastructure,14.9,"{""Ansible"": 66, ""Terraform"": 85, ""AWS"": 90, ""CI/CD"": 94}","{""CI/CD"": 85, ""Ansible"": 86, ""AWS"": 75}",3,98.0,228000,92.6,Group_B,"Experienced Infrastructure specialist with 14.9 years working with Ansible, Terraform, AWS, CI/CD."
CAND-0772,Engineering,13.3,"{""Node.js"": 86, ""TypeScript"": 70, ""Python"": 96, ""GraphQL"": 94}","{""GraphQL"": 83, ""Docker"": 77, ""TypeScript"": 87, ""System Design"": 77}",2,61.5,203000,63.7,Group_B,"Experienced Engineering specialist with 13.3 years working with Node.js, TypeScript, Python, GraphQL."
CAND-0773,Analytics,10.5,"{""PowerBI"": 88, ""SQL"": 61, ""Tableau"": 91, ""Python"": 97, ""Machine Learning"": 94}","{""Statistics"": 85, ""PowerBI"": 71, ""Data Modeling"": 82, ""SQL"": 85, ""Python"": 77}",3,65.0,184000,64.9,Group_B,"Experienced Analytics specialist with 10.5 years working with PowerBI, SQL, Tableau, Python, Machine Learning."
CAND-0774,Engineering,6.1,"{""System Design"": 65, ""PostgreSQL"": 70, ""JavaScript"": 71}","{""AWS"": 72, ""Docker"": 82, ""JavaScript"": 81}",1,45.0,146000,45.4,Group_D,"Experienced Engineering specialist with 6.1 years working with System Design, PostgreSQL, JavaScript."
CAND-0775,Engineering,10.6,"{""Docker"": 64, ""JavaScript"": 96, ""Node.js"": 68, ""Python"": 80, ""AWS"": 96, ""GraphQL"": 85}","{""Docker"": 83, ""React"": 89, ""Python"": 89, ""Node.js"": 87}",3,69.5,187000,69.2,Group_A,"Experienced Engineering specialist with 10.6 years working with Docker, JavaScript, Node.js, Python, AWS, GraphQL."
CAND-0776,Product,2.8,"{""User Research"": 98, ""Scrum"": 74, ""Agile"": 94}","{""Analytics"": 79, ""Wireframing"": 89, ""SaaS"": 80, ""Product Strategy"": 89}",0,45.0,123000,47.2,Group_A,"Experienced Product specialist with 2.8 years working with User Research, Scrum, Agile."
CAND-0777,Infrastructure,5.9,"{""Kubernetes"": 94, ""Ansible"": 85, ""Prometheus"": 88, ""CI/CD"": 84, ""Docker"": 90, ""Python"": 72}","{""CI/CD"": 82, ""Kubernetes"": 72, ""Python"": 89, ""Terraform"": 72, ""Prometheus"": 90}",4,70.5,154000,69.6,Group_D,"Experienced Infrastructure specialist with 5.9 years working with Kubernetes, Ansible, Prometheus, CI/CD, Docker, Python."
CAND-0778,Design,8.6,"{""Design Systems"": 91, ""Prototyping"": 62, ""UI/UX"": 94, ""Wireframing"": 80, ""HTML/CSS"": 93, ""Figma"": 60}","{""HTML/CSS"": 71, ""UI/UX"": 78, ""Wireframing"": 70, ""User Research"": 81}",3,71.5,174000,70.1,Group_C,"Experienced Design specialist with 8.6 years working with Design Systems, Prototyping, UI/UX, Wireframing, HTML/CSS, Figma."
CAND-0779,Design,9.0,"{""HTML/CSS"": 77, ""Figma"": 94, ""UI/UX"": 71}","{""User Research"": 86, ""Wireframing"": 82, ""HTML/CSS"": 84, ""Design Systems"": 88, ""Figma"": 82}",2,45.0,166000,45.5,Group_C,"Experienced Design specialist with 9.0 years working with HTML/CSS, Figma, UI/UX."
CAND-0780,Product,9.9,"{""Analytics"": 72, ""Scrum"": 94, ""Roadmapping"": 96, ""Product Strategy"": 66}","{""Scrum"": 80, ""Product Strategy"": 75, ""SaaS"": 87, ""Agile"": 80}",2,55.4,176000,58.6,Group_B,"Experienced Product specialist with 9.9 years working with Analytics, Scrum, Roadmapping, Product Strategy."
CAND-0781,Infrastructure,6.4,"{""Linux"": 74, ""Terraform"": 81, ""Prometheus"": 93, ""AWS"": 98}","{""AWS"": 87, ""Docker"": 82, ""Ansible"": 81, ""Python"": 81, ""Kubernetes"": 70}",1,45.0,148000,46.3,Group_C,"Experienced Infrastructure specialist with 6.4 years working with Linux, Terraform, Prometheus, AWS."
CAND-0782,Design,14.3,"{""Figma"": 78, ""Design Systems"": 76, ""User Research"": 74, ""Prototyping"": 60, ""HTML/CSS"": 72}","{""HTML/CSS"": 73, ""Design Systems"": 85, ""Figma"": 89, ""Wireframing"": 85}",3,73.2,214000,70.5,Group_C,"Experienced Design specialist with 14.3 years working with Figma, Design Systems, User Research, Prototyping, HTML/CSS."
CAND-0783,Analytics,4.3,"{""SQL"": 85, ""Tableau"": 79, ""Python"": 65}","{""Tableau"": 80, ""PowerBI"": 76, ""SQL"": 73, ""Data Modeling"": 76}",2,48.0,134000,48.4,Group_B,"Experienced Analytics specialist with 4.3 years working with SQL, Tableau, Python."
CAND-0784,Design,7.7,"{""UI/UX"": 80, ""Prototyping"": 62, ""HTML/CSS"": 61}","{""User Research"": 71, ""UI/UX"": 81, ""Figma"": 75, ""Wireframing"": 84, ""Design Systems"": 82}",1,45.0,157000,49.1,Group_A,"Experienced Design specialist with 7.7 years working with UI/UX, Prototyping, HTML/CSS."
CAND-0785,Analytics,8.3,"{""Machine Learning"": 90, ""Statistics"": 60, ""Python"": 77}","{""Python"": 82, ""Data Modeling"": 75, ""Machine Learning"": 74, ""Tableau"": 80}",2,51.6,164000,54.9,Group_D,"Experienced Analytics specialist with 8.3 years working with Machine Learning, Statistics, Python."
CAND-0786,Design,1.8,"{""Wireframing"": 94, ""Design Systems"": 88, ""HTML/CSS"": 77, ""Prototyping"": 79, ""UI/UX"": 70}","{""Prototyping"": 86, ""HTML/CSS"": 80, ""User Research"": 78}",2,54.5,119000,54.2,Group_D,"Experienced Design specialist with 1.8 years working with Wireframing, Design Systems, HTML/CSS, Prototyping, UI/UX."
CAND-0787,Infrastructure,12.2,"{""Python"": 67, ""CI/CD"": 65, ""Prometheus"": 87, ""Docker"": 81, ""Ansible"": 61}","{""Kubernetes"": 74, ""Prometheus"": 79, ""Ansible"": 81}",2,69.3,198000,69.3,Group_B,"Experienced Infrastructure specialist with 12.2 years working with Python, CI/CD, Prometheus, Docker, Ansible."
CAND-0788,Engineering,14.4,"{""Node.js"": 73, ""AWS"": 60, ""PostgreSQL"": 80, ""React"": 81}","{""React"": 90, ""PostgreSQL"": 83, ""TypeScript"": 87, ""AWS"": 75}",3,78.5,217000,75.9,Group_C,"Experienced Engineering specialist with 14.4 years working with Node.js, AWS, PostgreSQL, React."
CAND-0789,Analytics,8.3,"{""PowerBI"": 74, ""Machine Learning"": 87, ""Statistics"": 88, ""Data Modeling"": 88, ""SQL"": 78, ""Python"": 86}","{""Statistics"": 81, ""SQL"": 86, ""Python"": 75}",3,90.3,179000,86.8,Group_A,"Experienced Analytics specialist with 8.3 years working with PowerBI, Machine Learning, Statistics, Data Modeling, SQL, Python."
CAND-0790,Analytics,4.1,"{""Statistics"": 72, ""Machine Learning"": 64, ""SQL"": 68, ""Python"": 72}","{""Python"": 72, ""Statistics"": 71, ""SQL"": 82, ""Tableau"": 70, ""PowerBI"": 72}",3,52.7,135000,53.0,Group_D,"Experienced Analytics specialist with 4.1 years working with Statistics, Machine Learning, SQL, Python."
CAND-0791,Product,3.9,"{""User Research"": 93, ""Agile"": 65, ""Analytics"": 89, ""Product Strategy"": 71, ""Roadmapping"": 71, ""Wireframing"": 82}","{""Wireframing"": 87, ""SaaS"": 90, ""Scrum"": 78, ""User Research"": 85}",2,45.0,130000,44.3,Group_A,"Experienced Product specialist with 3.9 years working with User Research, Agile, Analytics, Product Strategy, Roadmapping, Wireframing."
CAND-0792,Infrastructure,3.0,"{""Prometheus"": 95, ""Ansible"": 75, ""Terraform"": 66}","{""Kubernetes"": 73, ""CI/CD"": 90, ""AWS"": 85, ""Terraform"": 75}",1,45.0,124000,47.5,Group_B,"Experienced Infrastructure specialist with 3.0 years working with Prometheus, Ansible, Terraform."
CAND-0793,Design,12.0,"{""Design Systems"": 61, ""HTML/CSS"": 80, ""Wireframing"": 71, ""UI/UX"": 71}","{""Design Systems"": 76, ""Wireframing"": 83, ""HTML/CSS"": 75}",3,95.6,207000,94.3,Group_C,"Experienced Design specialist with 12.0 years working with Design Systems, HTML/CSS, Wireframing, UI/UX."
CAND-0794,Analytics,2.1,"{""Python"": 70, ""Machine Learning"": 80, ""Statistics"": 83, ""Data Modeling"": 75, ""SQL"": 96}","{""Python"": 83, ""Tableau"": 73, ""Machine Learning"": 85, ""Statistics"": 90, ""Data Modeling"": 84}",4,66.2,126000,68.2,Group_B,"Experienced Analytics specialist with 2.1 years working with Python, Machine Learning, Statistics, Data Modeling, SQL."
CAND-0795,Product,12.3,"{""Roadmapping"": 76, ""Agile"": 96, ""Analytics"": 91, ""SaaS"": 67, ""User Research"": 71}","{""Wireframing"": 75, ""Agile"": 84, ""Product Strategy"": 72, ""Analytics"": 75}",2,52.0,192000,51.3,Group_D,"Experienced Product specialist with 12.3 years working with Roadmapping, Agile, Analytics, SaaS, User Research."
CAND-0796,Analytics,13.7,"{""Python"": 68, ""PowerBI"": 97, ""Tableau"": 95}","{""Python"": 73, ""Data Modeling"": 74, ""Statistics"": 81, ""SQL"": 82, ""Tableau"": 71}",2,51.7,202000,50.6,Group_A,"Experienced Analytics specialist with 13.7 years working with Python, PowerBI, Tableau."
CAND-0797,Infrastructure,11.7,"{""Ansible"": 92, ""Prometheus"": 82, ""CI/CD"": 71, ""AWS"": 75, ""Docker"": 94, ""Linux"": 85}","{""Kubernetes"": 78, ""Terraform"": 79, ""Prometheus"": 77}",1,48.2,186000,50.2,Group_C,"Experienced Infrastructure specialist with 11.7 years working with Ansible, Prometheus, CI/CD, AWS, Docker, Linux."
CAND-0798,Engineering,7.4,"{""JavaScript"": 96, ""TypeScript"": 70, ""Node.js"": 97, ""React"": 82, ""GraphQL"": 61}","{""Python"": 78, ""TypeScript"": 90, ""GraphQL"": 86}",2,58.5,160000,59.5,Group_B,"Experienced Engineering specialist with 7.4 years working with JavaScript, TypeScript, Node.js, React, GraphQL."
CAND-0799,Engineering,9.1,"{""Node.js"": 69, ""TypeScript"": 85, ""GraphQL"": 63, ""React"": 69, ""Python"": 69, ""System Design"": 67}","{""JavaScript"": 83, ""Node.js"": 84, ""GraphQL"": 74}",2,59.3,172000,60.2,Group_A,"Experienced Engineering specialist with 9.1 years working with Node.js, TypeScript, GraphQL, React, Python, System Design."
CAND-0800,Engineering,2.6,"{""Node.js"": 62, ""JavaScript"": 88, ""PostgreSQL"": 68, ""React"": 81, ""System Design"": 93, ""Python"": 88}","{""TypeScript"": 79, ""Docker"": 88, ""React"": 76}",1,45.0,121000,45.4,Group_A,"Experienced Engineering specialist with 2.6 years working with Node.js, JavaScript, PostgreSQL, React, System Design, Python."
CAND-0801,Product,7.4,"{""Product Strategy"": 65, ""Wireframing"": 78, ""SaaS"": 61, ""Scrum"": 95, ""Agile"": 85}","{""SaaS"": 74, ""Wireframing"": 74, ""Agile"": 89, ""Analytics"": 79, ""Scrum"": 82}",4,67.2,164000,68.9,Group_B,"Experienced Product specialist with 7.4 years working with Product Strategy, Wireframing, SaaS, Scrum, Agile."
CAND-0802,Infrastructure,14.9,"{""Linux"": 73, ""Docker"": 96, ""Prometheus"": 98, ""AWS"": 82, ""Kubernetes"": 68}","{""Ansible"": 84, ""Kubernetes"": 73, ""Linux"": 74, ""Prometheus"": 78, ""Docker"": 76}",4,80.1,221000,77.8,Group_C,"Experienced Infrastructure specialist with 14.9 years working with Linux, Docker, Prometheus, AWS, Kubernetes."
CAND-0803,Analytics,6.1,"{""Data Modeling"": 64, ""Python"": 69, ""Statistics"": 61, ""SQL"": 69, ""Machine Learning"": 90}","{""PowerBI"": 89, ""SQL"": 75, ""Tableau"": 85}",1,45.0,146000,46.4,Group_A,"Experienced Analytics specialist with 6.1 years working with Data Modeling, Python, Statistics, SQL, Machine Learning."
CAND-0804,Product,9.4,"{""Wireframing"": 65, ""User Research"": 87, ""Scrum"": 87}","{""Agile"": 79, ""Roadmapping"": 86, ""Product Strategy"": 90, ""User Research"": 73, ""Analytics"": 80}",1,45.0,169000,49.1,Group_B,"Experienced Product specialist with 9.4 years working with Wireframing, User Research, Scrum."
CAND-0805,Engineering,4.1,"{""React"": 83, ""TypeScript"": 85, ""Docker"": 91, ""GraphQL"": 96, ""System Design"": 88}","{""System Design"": 84, ""Python"": 88, ""Node.js"": 81, ""JavaScript"": 81}",1,45.0,132000,48.5,Group_B,"Experienced Engineering specialist with 4.1 years working with React, TypeScript, Docker, GraphQL, System Design."
CAND-0806,Infrastructure,7.7,"{""CI/CD"": 87, ""Python"": 60, ""Terraform"": 67}","{""Prometheus"": 73, ""Kubernetes"": 86, ""Linux"": 73}",0,45.0,157000,43.6,Group_D,"Experienced Infrastructure specialist with 7.7 years working with CI/CD, Python, Terraform."
CAND-0807,Analytics,4.2,"{""PowerBI"": 93, ""Tableau"": 62, ""SQL"": 94, ""Data Modeling"": 60, ""Machine Learning"": 93, ""Python"": 66}","{""Statistics"": 88, ""Tableau"": 70, ""PowerBI"": 73, ""SQL"": 80, ""Machine Learning"": 71}",4,66.2,141000,64.1,Group_A,"Experienced Analytics specialist with 4.2 years working with PowerBI, Tableau, SQL, Data Modeling, Machine Learning, Python."
CAND-0808,Design,7.3,"{""Figma"": 65, ""Prototyping"": 63, ""UI/UX"": 78, ""User Research"": 83}","{""User Research"": 75, ""Prototyping"": 73, ""Wireframing"": 76, ""UI/UX"": 70, ""HTML/CSS"": 70}",3,57.4,159000,55.9,Group_C,"Experienced Design specialist with 7.3 years working with Figma, Prototyping, UI/UX, User Research."
CAND-0809,Design,7.0,"{""Design Systems"": 95, ""User Research"": 60, ""Prototyping"": 81, ""Figma"": 72, ""Wireframing"": 72, ""HTML/CSS"": 98}","{""UI/UX"": 82, ""Prototyping"": 83, ""User Research"": 74, ""HTML/CSS"": 72}",3,65.4,160000,62.6,Group_B,"Experienced Design specialist with 7.0 years working with Design Systems, User Research, Prototyping, Figma, Wireframing, HTML/CSS."
CAND-0810,Product,10.8,"{""Agile"": 87, ""Wireframing"": 66, ""Scrum"": 79, ""SaaS"": 81, ""Roadmapping"": 97, ""Product Strategy"": 61}","{""Product Strategy"": 88, ""Agile"": 85, ""Roadmapping"": 84}",3,85.6,195000,82.3,Group_A,"Experienced Product specialist with 10.8 years working with Agile, Wireframing, Scrum, SaaS, Roadmapping, Product Strategy."
CAND-0811,Infrastructure,9.2,"{""Python"": 75, ""Kubernetes"": 64, ""CI/CD"": 80}","{""Kubernetes"": 89, ""Python"": 86, ""Ansible"": 71}",2,67.0,176000,65.4,Group_D,"Experienced Infrastructure specialist with 9.2 years working with Python, Kubernetes, CI/CD."
CAND-0812,Design,12.0,"{""HTML/CSS"": 67, ""UI/UX"": 86, ""Figma"": 84, ""Wireframing"": 98, ""Prototyping"": 95, ""User Research"": 78}","{""Prototyping"": 74, ""Wireframing"": 76, ""Figma"": 85}",3,88.9,205000,84.1,Group_D,"Experienced Design specialist with 12.0 years working with HTML/CSS, UI/UX, Figma, Wireframing, Prototyping, User Research."
CAND-0813,Analytics,4.7,"{""Data Modeling"": 71, ""Python"": 73, ""Tableau"": 92, ""PowerBI"": 97}","{""Tableau"": 84, ""Machine Learning"": 70, ""Statistics"": 72, ""SQL"": 78, ""Data Modeling"": 75}",2,45.0,136000,48.5,Group_B,"Experienced Analytics specialist with 4.7 years working with Data Modeling, Python, Tableau, PowerBI."
CAND-0814,Engineering,4.0,"{""PostgreSQL"": 66, ""GraphQL"": 65, ""JavaScript"": 86}","{""JavaScript"": 73, ""React"": 87, ""Python"": 72}",1,45.0,131000,47.5,Group_D,"Experienced Engineering specialist with 4.0 years working with PostgreSQL, GraphQL, JavaScript."
CAND-0815,Product,13.6,"{""Wireframing"": 94, ""Agile"": 92, ""User Research"": 97}","{""Agile"": 82, ""Scrum"": 78, ""Wireframing"": 79, ""Analytics"": 87}",2,54.5,202000,56.7,Group_D,"Experienced Product specialist with 13.6 years working with Wireframing, Agile, User Research."
CAND-0816,Infrastructure,8.3,"{""Ansible"": 94, ""AWS"": 71, ""Terraform"": 63, ""Kubernetes"": 61}","{""Prometheus"": 80, ""Kubernetes"": 85, ""Terraform"": 72, ""Linux"": 75}",2,54.5,165000,54.4,Group_A,"Experienced Infrastructure specialist with 8.3 years working with Ansible, AWS, Terraform, Kubernetes."
CAND-0817,Infrastructure,9.3,"{""Docker"": 91, ""CI/CD"": 97, ""Python"": 77}","{""Linux"": 82, ""CI/CD"": 88, ""Terraform"": 85}",1,45.0,168000,43.7,Group_A,"Experienced Infrastructure specialist with 9.3 years working with Docker, CI/CD, Python."
CAND-0818,Analytics,6.0,"{""Tableau"": 87, ""SQL"": 67, ""Machine Learning"": 82}","{""SQL"": 75, ""PowerBI"": 85, ""Machine Learning"": 79, ""Python"": 87}",2,48.6,146000,48.7,Group_D,"Experienced Analytics specialist with 6.0 years working with Tableau, SQL, Machine Learning."
CAND-0819,Infrastructure,2.5,"{""Linux"": 78, ""CI/CD"": 84, ""Ansible"": 84, ""AWS"": 94, ""Kubernetes"": 75, ""Terraform"": 76}","{""Linux"": 79, ""Kubernetes"": 74, ""CI/CD"": 72, ""Terraform"": 84, ""Python"": 70}",4,60.9,127000,60.1,Group_D,"Experienced Infrastructure specialist with 2.5 years working with Linux, CI/CD, Ansible, AWS, Kubernetes, Terraform."
CAND-0820,Product,3.2,"{""Roadmapping"": 94, ""Scrum"": 94, ""User Research"": 68, ""Wireframing"": 60, ""SaaS"": 92}","{""Roadmapping"": 89, ""SaaS"": 71, ""Analytics"": 83, ""Wireframing"": 74, ""Product Strategy"": 78}",3,50.2,127000,49.1,Group_D,"Experienced Product specialist with 3.2 years working with Roadmapping, Scrum, User Research, Wireframing, SaaS."
CAND-0821,Analytics,9.1,"{""SQL"": 73, ""Machine Learning"": 67, ""Data Modeling"": 97, ""Statistics"": 75, ""Python"": 82, ""PowerBI"": 98}","{""Data Modeling"": 77, ""Python"": 76, ""Statistics"": 85, ""PowerBI"": 83, ""SQL"": 70}",5,85.6,183000,86.6,Group_A,"Experienced Analytics specialist with 9.1 years working with SQL, Machine Learning, Data Modeling, Statistics, Python, PowerBI."
CAND-0822,Infrastructure,5.5,"{""Linux"": 61, ""AWS"": 70, ""Prometheus"": 83}","{""Python"": 73, ""Ansible"": 89, ""Docker"": 73, ""CI/CD"": 83}",0,45.0,142000,43.6,Group_B,"Experienced Infrastructure specialist with 5.5 years working with Linux, AWS, Prometheus."
CAND-0823,Infrastructure,4.8,"{""Linux"": 93, ""Docker"": 68, ""Terraform"": 76, ""AWS"": 98, ""Prometheus"": 94, ""Kubernetes"": 96}","{""Kubernetes"": 87, ""Prometheus"": 74, ""Linux"": 73, ""Terraform"": 78, ""AWS"": 72}",5,80.8,151000,78.8,Group_A,"Experienced Infrastructure specialist with 4.8 years working with Linux, Docker, Terraform, AWS, Prometheus, Kubernetes."
CAND-0824,Product,12.8,"{""Scrum"": 94, ""User Research"": 87, ""Roadmapping"": 94, ""SaaS"": 75}","{""Scrum"": 79, ""User Research"": 86, ""Analytics"": 82, ""Wireframing"": 88, ""Roadmapping"": 79}",3,66.0,201000,67.9,Group_C,"Experienced Product specialist with 12.8 years working with Scrum, User Research, Roadmapping, SaaS."
CAND-0825,Infrastructure,9.2,"{""Kubernetes"": 98, ""Docker"": 71, ""Prometheus"": 63, ""Python"": 90, ""Ansible"": 83}","{""Linux"": 73, ""Kubernetes"": 72, ""CI/CD"": 85}",1,45.0,167000,47.5,Group_A,"Experienced Infrastructure specialist with 9.2 years working with Kubernetes, Docker, Prometheus, Python, Ansible."
CAND-0826,Product,12.7,"{""Roadmapping"": 68, ""Wireframing"": 66, ""SaaS"": 92, ""Product Strategy"": 97, ""Scrum"": 76, ""User Research"": 80}","{""Agile"": 71, ""Roadmapping"": 70, ""Scrum"": 89, ""Wireframing"": 90}",3,75.9,204000,73.6,Group_B,"Experienced Product specialist with 12.7 years working with Roadmapping, Wireframing, SaaS, Product Strategy, Scrum, User Research."
CAND-0827,Infrastructure,8.4,"{""CI/CD"": 77, ""Kubernetes"": 95, ""Prometheus"": 87, ""Terraform"": 87, ""AWS"": 91}","{""Kubernetes"": 78, ""AWS"": 75, ""Linux"": 70, ""Terraform"": 79}",3,66.8,171000,68.6,Group_D,"Experienced Infrastructure specialist with 8.4 years working with CI/CD, Kubernetes, Prometheus, Terraform, AWS."
CAND-0828,Design,5.8,"{""Design Systems"": 80, ""Prototyping"": 74, ""User Research"": 72}","{""Wireframing"": 77, ""Design Systems"": 81, ""Figma"": 78, ""Prototyping"": 82, ""HTML/CSS"": 82}",2,45.0,144000,48.5,Group_B,"Experienced Design specialist with 5.8 years working with Design Systems, Prototyping, User Research."
CAND-0829,Design,5.7,"{""Figma"": 98, ""Wireframing"": 82, ""Prototyping"": 74, ""User Research"": 63, ""Design Systems"": 60}","{""HTML/CSS"": 75, ""Prototyping"": 74, ""UI/UX"": 79, ""Design Systems"": 75, ""Figma"": 84}",3,53.9,146000,56.9,Group_D,"Experienced Design specialist with 5.7 years working with Figma, Wireframing, Prototyping, User Research, Design Systems."
CAND-0830,Infrastructure,6.6,"{""Docker"": 71, ""Linux"": 77, ""Kubernetes"": 66, ""Ansible"": 65, ""AWS"": 83}","{""Python"": 70, ""Linux"": 73, ""Kubernetes"": 85, ""Ansible"": 88, ""Prometheus"": 86}",3,60.6,155000,60.6,Group_D,"Experienced Infrastructure specialist with 6.6 years working with Docker, Linux, Kubernetes, Ansible, AWS."
CAND-0831,Analytics,2.8,"{""Python"": 82, ""Machine Learning"": 88, ""Statistics"": 60}","{""PowerBI"": 75, ""Python"": 90, ""Data Modeling"": 83, ""Tableau"": 72}",1,45.0,123000,44.1,Group_B,"Experienced Analytics specialist with 2.8 years working with Python, Machine Learning, Statistics."
CAND-0832,Engineering,3.9,"{""TypeScript"": 82, ""GraphQL"": 97, ""AWS"": 84, ""Node.js"": 94, ""Docker"": 63}","{""PostgreSQL"": 78, ""AWS"": 86, ""JavaScript"": 75, ""GraphQL"": 79}",2,45.0,130000,47.4,Group_B,"Experienced Engineering specialist with 3.9 years working with TypeScript, GraphQL, AWS, Node.js, Docker."
CAND-0833,Analytics,5.5,"{""Tableau"": 87, ""Data Modeling"": 76, ""SQL"": 79, ""Machine Learning"": 83, ""Statistics"": 78}","{""PowerBI"": 73, ""Tableau"": 74, ""Python"": 76, ""Machine Learning"": 74, ""SQL"": 84}",3,52.2,144000,53.2,Group_D,"Experienced Analytics specialist with 5.5 years working with Tableau, Data Modeling, SQL, Machine Learning, Statistics."
CAND-0834,Analytics,11.3,"{""PowerBI"": 73, ""Data Modeling"": 75, ""Statistics"": 78}","{""Statistics"": 70, ""Data Modeling"": 76, ""Python"": 87, ""PowerBI"": 87, ""SQL"": 82}",3,63.9,190000,65.7,Group_D,"Experienced Analytics specialist with 11.3 years working with PowerBI, Data Modeling, Statistics."
CAND-0835,Infrastructure,11.0,"{""Docker"": 62, ""Linux"": 76, ""Prometheus"": 81}","{""Terraform"": 80, ""Kubernetes"": 87, ""Prometheus"": 86, ""Python"": 74, ""Docker"": 78}",2,48.9,182000,48.4,Group_B,"Experienced Infrastructure specialist with 11.0 years working with Docker, Linux, Prometheus."
CAND-0836,Infrastructure,1.2,"{""Prometheus"": 85, ""Docker"": 88, ""AWS"": 90}","{""Python"": 75, ""Docker"": 78, ""Linux"": 78, ""Terraform"": 78, ""CI/CD"": 81}",1,45.0,111000,46.0,Group_B,"Experienced Infrastructure specialist with 1.2 years working with Prometheus, Docker, AWS."
CAND-0837,Analytics,13.3,"{""PowerBI"": 73, ""Machine Learning"": 88, ""Statistics"": 95}","{""SQL"": 77, ""Statistics"": 90, ""Tableau"": 89}",1,45.0,196000,46.6,Group_C,"Experienced Analytics specialist with 13.3 years working with PowerBI, Machine Learning, Statistics."
CAND-0838,Analytics,11.3,"{""Machine Learning"": 79, ""Data Modeling"": 80, ""Statistics"": 90, ""Python"": 97, ""Tableau"": 68, ""SQL"": 90}","{""Tableau"": 78, ""PowerBI"": 82, ""Python"": 77}",2,62.1,189000,59.7,Group_D,"Experienced Analytics specialist with 11.3 years working with Machine Learning, Data Modeling, Statistics, Python, Tableau, SQL."
CAND-0839,Infrastructure,3.5,"{""Terraform"": 70, ""Prometheus"": 93, ""Python"": 75, ""Ansible"": 75}","{""Docker"": 85, ""CI/CD"": 70, ""Kubernetes"": 82, ""AWS"": 75, ""Python"": 88}",1,45.0,128000,44.4,Group_A,"Experienced Infrastructure specialist with 3.5 years working with Terraform, Prometheus, Python, Ansible."
CAND-0840,Analytics,8.8,"{""Python"": 67, ""Data Modeling"": 60, ""SQL"": 71, ""Machine Learning"": 74}","{""SQL"": 86, ""Data Modeling"": 82, ""Statistics"": 84}",2,62.7,172000,60.4,Group_A,"Experienced Analytics specialist with 8.8 years working with Python, Data Modeling, SQL, Machine Learning."
CAND-0841,Analytics,12.8,"{""Statistics"": 78, ""PowerBI"": 72, ""SQL"": 83, ""Machine Learning"": 84, ""Tableau"": 65, ""Data Modeling"": 78}","{""Statistics"": 79, ""Python"": 80, ""Machine Learning"": 90}",2,66.2,201000,68.6,Group_A,"Experienced Analytics specialist with 12.8 years working with Statistics, PowerBI, SQL, Machine Learning, Tableau, Data Modeling."
CAND-0842,Design,4.9,"{""UI/UX"": 97, ""User Research"": 80, ""HTML/CSS"": 66, ""Prototyping"": 62}","{""UI/UX"": 84, ""HTML/CSS"": 82, ""Figma"": 75}",2,53.2,141000,55.8,Group_C,"Experienced Design specialist with 4.9 years working with UI/UX, User Research, HTML/CSS, Prototyping."
CAND-0843,Infrastructure,14.3,"{""Ansible"": 87, ""Docker"": 84, ""CI/CD"": 87, ""Kubernetes"": 77, ""AWS"": 65, ""Terraform"": 64}","{""Linux"": 72, ""AWS"": 72, ""CI/CD"": 77}",2,75.6,215000,71.6,Group_D,"Experienced Infrastructure specialist with 14.3 years working with Ansible, Docker, CI/CD, Kubernetes, AWS, Terraform."
CAND-0844,Analytics,5.5,"{""Machine Learning"": 83, ""Data Modeling"": 95, ""Tableau"": 72, ""PowerBI"": 87, ""SQL"": 86, ""Statistics"": 95}","{""Tableau"": 82, ""Machine Learning"": 87, ""Python"": 88}",2,59.6,147000,59.3,Group_D,"Experienced Analytics specialist with 5.5 years working with Machine Learning, Data Modeling, Tableau, PowerBI, SQL, Statistics."
CAND-0845,Analytics,7.4,"{""Machine Learning"": 87, ""Python"": 95, ""Data Modeling"": 95}","{""Statistics"": 90, ""Machine Learning"": 85, ""SQL"": 89, ""PowerBI"": 72, ""Tableau"": 81}",1,45.0,155000,48.2,Group_D,"Experienced Analytics specialist with 7.4 years working with Machine Learning, Python, Data Modeling."
CAND-0846,Product,6.1,"{""Wireframing"": 98, ""Roadmapping"": 75, ""Agile"": 68}","{""Product Strategy"": 81, ""Wireframing"": 84, ""Roadmapping"": 90}",2,60.0,152000,60.6,Group_B,"Experienced Product specialist with 6.1 years working with Wireframing, Roadmapping, Agile."
CAND-0847,Design,1.2,"{""Design Systems"": 83, ""Figma"": 68, ""Wireframing"": 64}","{""User Research"": 73, ""Wireframing"": 84, ""Design Systems"": 85, ""HTML/CSS"": 84}",2,45.0,111000,43.9,Group_B,"Experienced Design specialist with 1.2 years working with Design Systems, Figma, Wireframing."
CAND-0848,Design,5.2,"{""Wireframing"": 77, ""Figma"": 65, ""HTML/CSS"": 98, ""UI/UX"": 97}","{""UI/UX"": 75, ""Prototyping"": 74, ""User Research"": 89, ""Wireframing"": 85}",2,45.3,140000,47.2,Group_D,"Experienced Design specialist with 5.2 years working with Wireframing, Figma, HTML/CSS, UI/UX."
CAND-0849,Engineering,12.4,"{""AWS"": 82, ""Python"": 78, ""JavaScript"": 83, ""React"": 91, ""PostgreSQL"": 62}","{""System Design"": 88, ""PostgreSQL"": 74, ""JavaScript"": 74, ""React"": 81}",3,74.0,201000,70.1,Group_A,"Experienced Engineering specialist with 12.4 years working with AWS, Python, JavaScript, React, PostgreSQL."
CAND-0850,Engineering,1.9,"{""TypeScript"": 70, ""AWS"": 73, ""System Design"": 68, ""JavaScript"": 77, ""React"": 90, ""Docker"": 71}","{""JavaScript"": 70, ""PostgreSQL"": 71, ""AWS"": 72, ""GraphQL"": 85, ""Docker"": 86}",3,51.1,119000,54.5,Group_B,"Experienced Engineering specialist with 1.9 years working with TypeScript, AWS, System Design, JavaScript, React, Docker."
CAND-0851,Product,10.6,"{""Roadmapping"": 94, ""Agile"": 83, ""Product Strategy"": 60, ""Wireframing"": 90, ""Scrum"": 64, ""User Research"": 63}","{""Agile"": 81, ""Wireframing"": 70, ""Scrum"": 89, ""Analytics"": 75}",3,75.1,189000,76.4,Group_A,"Experienced Product specialist with 10.6 years working with Roadmapping, Agile, Product Strategy, Wireframing, Scrum, User Research."
CAND-0852,Engineering,5.4,"{""Node.js"": 96, ""React"": 68, ""AWS"": 72, ""Docker"": 62, ""TypeScript"": 62, ""PostgreSQL"": 89}","{""System Design"": 70, ""AWS"": 85, ""React"": 78}",2,62.9,148000,64.8,Group_A,"Experienced Engineering specialist with 5.4 years working with Node.js, React, AWS, Docker, TypeScript, PostgreSQL."
CAND-0853,Analytics,9.0,"{""Machine Learning"": 69, ""Statistics"": 96, ""Tableau"": 93, ""Data Modeling"": 89, ""SQL"": 86}","{""Machine Learning"": 74, ""Data Modeling"": 89, ""Python"": 78, ""PowerBI"": 78, ""Statistics"": 85}",3,61.7,173000,61.2,Group_A,"Experienced Analytics specialist with 9.0 years working with Machine Learning, Statistics, Tableau, Data Modeling, SQL."
CAND-0854,Analytics,12.1,"{""PowerBI"": 73, ""Python"": 64, ""Tableau"": 62, ""SQL"": 76}","{""SQL"": 77, ""Python"": 75, ""Tableau"": 72, ""PowerBI"": 84}",4,95.1,208000,90.8,Group_C,"Experienced Analytics specialist with 12.1 years working with PowerBI, Python, Tableau, SQL."
CAND-0855,Design,4.6,"{""User Research"": 85, ""UI/UX"": 77, ""Prototyping"": 94, ""Figma"": 87}","{""HTML/CSS"": 76, ""Prototyping"": 88, ""Wireframing"": 87}",1,45.0,135000,47.7,Group_C,"Experienced Design specialist with 4.6 years working with User Research, UI/UX, Prototyping, Figma."
CAND-0856,Infrastructure,14.0,"{""Prometheus"": 74, ""Python"": 84, ""Docker"": 79, ""CI/CD"": 85}","{""Prometheus"": 80, ""Kubernetes"": 71, ""CI/CD"": 84}",2,73.5,212000,75.2,Group_A,"Experienced Infrastructure specialist with 14.0 years working with Prometheus, Python, Docker, CI/CD."
CAND-0857,Design,6.0,"{""User Research"": 73, ""Figma"": 96, ""Wireframing"": 71, ""Prototyping"": 60, ""HTML/CSS"": 98}","{""Design Systems"": 73, ""User Research"": 71, ""HTML/CSS"": 85}",2,61.0,151000,60.0,Group_A,"Experienced Design specialist with 6.0 years working with User Research, Figma, Wireframing, Prototyping, HTML/CSS."
CAND-0858,Analytics,2.4,"{""SQL"": 92, ""Data Modeling"": 84, ""Statistics"": 66, ""PowerBI"": 98}","{""SQL"": 84, ""Python"": 82, ""Tableau"": 71, ""Machine Learning"": 75, ""PowerBI"": 75}",2,45.0,120000,45.8,Group_C,"Experienced Analytics specialist with 2.4 years working with SQL, Data Modeling, Statistics, PowerBI."
CAND-0859,Product,5.4,"{""Product Strategy"": 68, ""User Research"": 71, ""Wireframing"": 88, ""Agile"": 80, ""Analytics"": 96}","{""Agile"": 71, ""Wireframing"": 72, ""Product Strategy"": 80, ""Roadmapping"": 73}",3,63.1,148000,65.2,Group_B,"Experienced Product specialist with 5.4 years working with Product Strategy, User Research, Wireframing, Agile, Analytics."
CAND-0860,Infrastructure,14.5,"{""Ansible"": 62, ""AWS"": 91, ""Kubernetes"": 66, ""Terraform"": 88, ""CI/CD"": 72}","{""Ansible"": 88, ""Kubernetes"": 81, ""CI/CD"": 90}",3,89.6,222000,85.8,Group_A,"Experienced Infrastructure specialist with 14.5 years working with Ansible, AWS, Kubernetes, Terraform, CI/CD."
CAND-0861,Engineering,1.1,"{""Python"": 73, ""TypeScript"": 97, ""Docker"": 67, ""System Design"": 60, ""AWS"": 77, ""React"": 82}","{""React"": 71, ""TypeScript"": 86, ""System Design"": 89}",3,78.5,124000,78.8,Group_A,"Experienced Engineering specialist with 1.1 years working with Python, TypeScript, Docker, System Design, AWS, React."
CAND-0862,Engineering,8.6,"{""TypeScript"": 94, ""AWS"": 82, ""JavaScript"": 82}","{""AWS"": 71, ""Docker"": 81, ""JavaScript"": 82}",2,58.8,169000,56.5,Group_D,"Experienced Engineering specialist with 8.6 years working with TypeScript, AWS, JavaScript."
CAND-0863,Analytics,14.2,"{""Statistics"": 96, ""SQL"": 87, ""PowerBI"": 95}","{""SQL"": 84, ""Machine Learning"": 85, ""PowerBI"": 78}",2,66.0,211000,66.9,Group_B,"Experienced Analytics specialist with 14.2 years working with Statistics, SQL, PowerBI."
CAND-0864,Design,8.0,"{""HTML/CSS"": 79, ""UI/UX"": 97, ""Wireframing"": 83, ""User Research"": 74}","{""Figma"": 84, ""Prototyping"": 82, ""HTML/CSS"": 75}",1,45.0,159000,43.4,Group_B,"Experienced Design specialist with 8.0 years working with HTML/CSS, UI/UX, Wireframing, User Research."
CAND-0865,Infrastructure,12.6,"{""Ansible"": 80, ""Terraform"": 76, ""Prometheus"": 68}","{""CI/CD"": 87, ""Python"": 78, ""Kubernetes"": 75, ""Terraform"": 88}",1,45.0,191000,44.5,Group_B,"Experienced Infrastructure specialist with 12.6 years working with Ansible, Terraform, Prometheus."
CAND-0866,Product,12.0,"{""User Research"": 62, ""Scrum"": 96, ""Agile"": 62, ""Wireframing"": 86, ""Analytics"": 62}","{""Roadmapping"": 87, ""Agile"": 83, ""User Research"": 86, ""Analytics"": 78}",3,70.9,197000,68.1,Group_A,"Experienced Product specialist with 12.0 years working with User Research, Scrum, Agile, Wireframing, Analytics."
CAND-0867,Engineering,6.4,"{""TypeScript"": 89, ""JavaScript"": 81, ""React"": 96, ""PostgreSQL"": 95, ""AWS"": 94, ""System Design"": 88}","{""Docker"": 88, ""JavaScript"": 88, ""Node.js"": 83, ""GraphQL"": 79}",1,45.0,148000,43.7,Group_B,"Experienced Engineering specialist with 6.4 years working with TypeScript, JavaScript, React, PostgreSQL, AWS, System Design."
CAND-0868,Design,10.4,"{""Wireframing"": 83, ""Figma"": 82, ""UI/UX"": 93, ""Prototyping"": 71}","{""User Research"": 70, ""Prototyping"": 89, ""HTML/CSS"": 74}",1,45.0,176000,46.1,Group_A,"Experienced Design specialist with 10.4 years working with Wireframing, Figma, UI/UX, Prototyping."
CAND-0869,Infrastructure,12.8,"{""Prometheus"": 87, ""Kubernetes"": 70, ""Docker"": 66, ""Linux"": 98}","{""CI/CD"": 86, ""Docker"": 88, ""Prometheus"": 85, ""Python"": 70, ""Kubernetes"": 81}",3,64.7,200000,64.1,Group_A,"Experienced Infrastructure specialist with 12.8 years working with Prometheus, Kubernetes, Docker, Linux."
CAND-0870,Analytics,7.1,"{""Tableau"": 97, ""Machine Learning"": 80, ""Statistics"": 96, ""SQL"": 89, ""Data Modeling"": 90}","{""Statistics"": 82, ""Data Modeling"": 87, ""SQL"": 86}",3,79.9,167000,75.8,Group_C,"Experienced Analytics specialist with 7.1 years working with Tableau, Machine Learning, Statistics, SQL, Data Modeling."
CAND-0871,Product,7.7,"{""Product Strategy"": 69, ""Analytics"": 92, ""Roadmapping"": 97, ""Scrum"": 90}","{""Analytics"": 71, ""SaaS"": 73, ""Scrum"": 86}",2,58.3,162000,60.0,Group_D,"Experienced Product specialist with 7.7 years working with Product Strategy, Analytics, Roadmapping, Scrum."
CAND-0872,Product,1.0,"{""Roadmapping"": 68, ""Analytics"": 74, ""SaaS"": 68, ""Scrum"": 69}","{""Analytics"": 78, ""Agile"": 85, ""SaaS"": 78}",2,54.5,114000,56.5,Group_A,"Experienced Product specialist with 1.0 years working with Roadmapping, Analytics, SaaS, Scrum."
CAND-0873,Engineering,6.9,"{""Docker"": 60, ""TypeScript"": 68, ""React"": 62, ""AWS"": 73, ""Node.js"": 63}","{""JavaScript"": 84, ""TypeScript"": 85, ""Docker"": 81, ""Node.js"": 74}",3,68.7,161000,65.8,Group_C,"Experienced Engineering specialist with 6.9 years working with Docker, TypeScript, React, AWS, Node.js."
CAND-0874,Product,1.6,"{""Product Strategy"": 86, ""Roadmapping"": 76, ""SaaS"": 85, ""Agile"": 72}","{""Agile"": 89, ""SaaS"": 77, ""User Research"": 84}",2,53.4,118000,53.3,Group_A,"Experienced Product specialist with 1.6 years working with Product Strategy, Roadmapping, SaaS, Agile."
CAND-0875,Analytics,8.5,"{""Data Modeling"": 98, ""SQL"": 65, ""Statistics"": 86, ""Python"": 64}","{""Tableau"": 75, ""PowerBI"": 88, ""Machine Learning"": 86, ""SQL"": 76}",1,45.0,162000,48.1,Group_C,"Experienced Analytics specialist with 8.5 years working with Data Modeling, SQL, Statistics, Python."
CAND-0876,Product,12.8,"{""Product Strategy"": 69, ""Analytics"": 96, ""Roadmapping"": 65, ""User Research"": 72, ""Wireframing"": 67}","{""Wireframing"": 81, ""Agile"": 82, ""Analytics"": 87, ""Scrum"": 81}",2,61.8,199000,61.4,Group_D,"Experienced Product specialist with 12.8 years working with Product Strategy, Analytics, Roadmapping, User Research, Wireframing."
CAND-0877,Design,14.4,"{""Prototyping"": 69, ""UI/UX"": 65, ""Wireframing"": 96}","{""Wireframing"": 79, ""Prototyping"": 88, ""User Research"": 79, ""Design Systems"": 78, ""Figma"": 79}",2,53.8,207000,54.1,Group_D,"Experienced Design specialist with 14.4 years working with Prototyping, UI/UX, Wireframing."
CAND-0878,Design,14.7,"{""Design Systems"": 60, ""UI/UX"": 79, ""HTML/CSS"": 98, ""Prototyping"": 84, ""Wireframing"": 70}","{""UI/UX"": 74, ""Wireframing"": 83, ""HTML/CSS"": 73, ""Prototyping"": 72}",4,92.6,225000,88.1,Group_B,"Experienced Design specialist with 14.7 years working with Design Systems, UI/UX, HTML/CSS, Prototyping, Wireframing."
CAND-0879,Design,10.3,"{""HTML/CSS"": 69, ""Design Systems"": 66, ""User Research"": 92, ""Wireframing"": 92, ""Prototyping"": 62}","{""HTML/CSS"": 89, ""Prototyping"": 83, ""Design Systems"": 74, ""Figma"": 90, ""User Research"": 77}",4,77.0,188000,78.3,Group_A,"Experienced Design specialist with 10.3 years working with HTML/CSS, Design Systems, User Research, Wireframing, Prototyping."
CAND-0880,Analytics,9.0,"{""Tableau"": 78, ""Python"": 89, ""Statistics"": 71, ""Data Modeling"": 83, ""SQL"": 63, ""PowerBI"": 83}","{""Python"": 71, ""Data Modeling"": 77, ""Statistics"": 72, ""Tableau"": 72, ""SQL"": 81}",5,90.5,184000,88.4,Group_D,"Experienced Analytics specialist with 9.0 years working with Tableau, Python, Statistics, Data Modeling, SQL, PowerBI."
CAND-0881,Engineering,6.2,"{""AWS"": 77, ""GraphQL"": 91, ""System Design"": 81, ""Docker"": 89, ""Python"": 85}","{""Python"": 83, ""AWS"": 81, ""TypeScript"": 88, ""JavaScript"": 85, ""Node.js"": 78}",2,45.0,146000,49.0,Group_D,"Experienced Engineering specialist with 6.2 years working with AWS, GraphQL, System Design, Docker, Python."
CAND-0882,Engineering,7.0,"{""JavaScript"": 83, ""Node.js"": 61, ""Docker"": 94, ""GraphQL"": 60, ""System Design"": 96}","{""Docker"": 80, ""Python"": 75, ""Node.js"": 82, ""System Design"": 89}",3,63.3,159000,65.0,Group_C,"Experienced Engineering specialist with 7.0 years working with JavaScript, Node.js, Docker, GraphQL, System Design."
CAND-0883,Analytics,6.3,"{""Data Modeling"": 60, ""PowerBI"": 89, ""Python"": 77, ""SQL"": 68, ""Statistics"": 75}","{""Data Modeling"": 78, ""Statistics"": 75, ""Machine Learning"": 82, ""SQL"": 73}",3,70.2,157000,68.3,Group_C,"Experienced Analytics specialist with 6.3 years working with Data Modeling, PowerBI, Python, SQL, Statistics."
CAND-0884,Analytics,9.2,"{""Data Modeling"": 79, ""Python"": 80, ""PowerBI"": 79, ""SQL"": 73}","{""Data Modeling"": 84, ""SQL"": 77, ""PowerBI"": 73, ""Machine Learning"": 70, ""Statistics"": 70}",3,59.6,173000,60.9,Group_A,"Experienced Analytics specialist with 9.2 years working with Data Modeling, Python, PowerBI, SQL."
CAND-0885,Design,14.2,"{""UI/UX"": 95, ""Wireframing"": 88, ""Figma"": 65, ""Design Systems"": 95, ""HTML/CSS"": 77}","{""UI/UX"": 75, ""Wireframing"": 83, ""User Research"": 86, ""Design Systems"": 84}",3,74.0,214000,75.1,Group_D,"Experienced Design specialist with 14.2 years working with UI/UX, Wireframing, Figma, Design Systems, HTML/CSS."
CAND-0886,Engineering,2.6,"{""JavaScript"": 81, ""React"": 69, ""System Design"": 74, ""GraphQL"": 88}","{""GraphQL"": 80, ""JavaScript"": 83, ""System Design"": 76, ""TypeScript"": 76}",3,60.6,127000,58.4,Group_A,"Experienced Engineering specialist with 2.6 years working with JavaScript, React, System Design, GraphQL."
CAND-0887,Engineering,14.0,"{""JavaScript"": 80, ""GraphQL"": 93, ""Node.js"": 62, ""React"": 62, ""Docker"": 61}","{""GraphQL"": 72, ""JavaScript"": 79, ""PostgreSQL"": 75}",2,68.5,210000,69.0,Group_B,"Experienced Engineering specialist with 14.0 years working with JavaScript, GraphQL, Node.js, React, Docker."
CAND-0888,Engineering,7.0,"{""TypeScript"": 93, ""Node.js"": 65, ""Docker"": 91, ""System Design"": 70, ""GraphQL"": 62}","{""Node.js"": 89, ""TypeScript"": 81, ""System Design"": 81}",3,86.4,169000,84.6,Group_D,"Experienced Engineering specialist with 7.0 years working with TypeScript, Node.js, Docker, System Design, GraphQL."
CAND-0889,Product,13.7,"{""SaaS"": 91, ""Analytics"": 75, ""User Research"": 82}","{""User Research"": 76, ""Analytics"": 77, ""SaaS"": 74}",3,90.0,217000,88.6,Group_D,"Experienced Product specialist with 13.7 years working with SaaS, Analytics, User Research."
CAND-0890,Product,10.8,"{""SaaS"": 90, ""Agile"": 74, ""Wireframing"": 82, ""User Research"": 74}","{""Roadmapping"": 72, ""Wireframing"": 86, ""Scrum"": 81}",1,47.5,180000,48.5,Group_A,"Experienced Product specialist with 10.8 years working with SaaS, Agile, Wireframing, User Research."
CAND-0891,Engineering,8.7,"{""React"": 67, ""PostgreSQL"": 92, ""JavaScript"": 70, ""TypeScript"": 72, ""Python"": 84, ""System Design"": 62}","{""React"": 74, ""GraphQL"": 82, ""Node.js"": 73}",1,45.0,164000,48.5,Group_B,"Experienced Engineering specialist with 8.7 years working with React, PostgreSQL, JavaScript, TypeScript, Python, System Design."
CAND-0892,Analytics,10.5,"{""Statistics"": 76, ""SQL"": 94, ""PowerBI"": 76, ""Machine Learning"": 85}","{""Python"": 74, ""Tableau"": 74, ""PowerBI"": 76, ""Statistics"": 76}",2,58.8,182000,62.0,Group_B,"Experienced Analytics specialist with 10.5 years working with Statistics, SQL, PowerBI, Machine Learning."
CAND-0893,Product,13.9,"{""Product Strategy"": 78, ""Scrum"": 76, ""Analytics"": 69}","{""SaaS"": 75, ""User Research"": 81, ""Scrum"": 82, ""Product Strategy"": 71}",2,57.3,205000,59.6,Group_C,"Experienced Product specialist with 13.9 years working with Product Strategy, Scrum, Analytics."
CAND-0894,Product,6.2,"{""Scrum"": 90, ""Product Strategy"": 75, ""User Research"": 64}","{""Product Strategy"": 85, ""Analytics"": 78, ""Agile"": 73, ""SaaS"": 77, ""Roadmapping"": 70}",1,45.0,146000,45.3,Group_C,"Experienced Product specialist with 6.2 years working with Scrum, Product Strategy, User Research."
CAND-0895,Engineering,10.1,"{""JavaScript"": 71, ""React"": 85, ""Node.js"": 63, ""GraphQL"": 92, ""TypeScript"": 78}","{""System Design"": 82, ""TypeScript"": 72, ""GraphQL"": 80, ""AWS"": 78, ""JavaScript"": 85}",3,55.9,178000,55.3,Group_A,"Experienced Engineering specialist with 10.1 years working with JavaScript, React, Node.js, GraphQL, TypeScript."
CAND-0896,Product,14.1,"{""User Research"": 77, ""Agile"": 64, ""Roadmapping"": 64}","{""User Research"": 88, ""SaaS"": 72, ""Roadmapping"": 88, ""Scrum"": 82, ""Agile"": 88}",3,70.6,212000,70.5,Group_D,"Experienced Product specialist with 14.1 years working with User Research, Agile, Roadmapping."
CAND-0897,Analytics,8.0,"{""SQL"": 61, ""PowerBI"": 76, ""Data Modeling"": 70, ""Python"": 87}","{""Statistics"": 89, ""SQL"": 90, ""Data Modeling"": 85}",2,58.3,164000,60.0,Group_A,"Experienced Analytics specialist with 8.0 years working with SQL, PowerBI, Data Modeling, Python."
CAND-0898,Product,5.3,"{""Roadmapping"": 85, ""Scrum"": 89, ""User Research"": 94, ""Wireframing"": 96}","{""Wireframing"": 76, ""Roadmapping"": 72, ""Agile"": 75, ""Analytics"": 83, ""Scrum"": 85}",3,58.0,145000,56.7,Group_B,"Experienced Product specialist with 5.3 years working with Roadmapping, Scrum, User Research, Wireframing."
CAND-0899,Product,7.1,"{""Agile"": 94, ""Roadmapping"": 86, ""SaaS"": 82, ""Analytics"": 75, ""Scrum"": 73, ""User Research"": 96}","{""Analytics"": 90, ""Product Strategy"": 82, ""Agile"": 80, ""Wireframing"": 79, ""User Research"": 76}",3,51.8,155000,52.7,Group_C,"Experienced Product specialist with 7.1 years working with Agile, Roadmapping, SaaS, Analytics, Scrum, User Research."
CAND-0900,Product,4.3,"{""Agile"": 64, ""Product Strategy"": 82, ""Wireframing"": 61, ""Analytics"": 82}","{""Scrum"": 90, ""SaaS"": 84, ""Wireframing"": 79, ""Analytics"": 85}",2,45.0,133000,43.7,Group_B,"Experienced Product specialist with 4.3 years working with Agile, Product Strategy, Wireframing, Analytics."
CAND-0901,Design,14.6,"{""Prototyping"": 79, ""User Research"": 96, ""HTML/CSS"": 88, ""Wireframing"": 97, ""UI/UX"": 88, ""Design Systems"": 79}","{""Prototyping"": 81, ""UI/UX"": 83, ""Wireframing"": 71}",3,92.0,224000,88.6,Group_A,"Experienced Design specialist with 14.6 years working with Prototyping, User Research, HTML/CSS, Wireframing, UI/UX, Design Systems."
CAND-0902,Design,4.4,"{""HTML/CSS"": 97, ""UI/UX"": 84, ""Prototyping"": 77, ""Wireframing"": 96, ""Figma"": 87}","{""UI/UX"": 90, ""Prototyping"": 88, ""HTML/CSS"": 90, ""Figma"": 81, ""Design Systems"": 74}",4,67.6,143000,66.5,Group_C,"Experienced Design specialist with 4.4 years working with HTML/CSS, UI/UX, Prototyping, Wireframing, Figma."
CAND-0903,Product,1.7,"{""Wireframing"": 82, ""User Research"": 67, ""Agile"": 70, ""Product Strategy"": 93, ""SaaS"": 70}","{""Scrum"": 79, ""User Research"": 77, ""Product Strategy"": 72, ""Roadmapping"": 80}",2,45.0,115000,48.9,Group_C,"Experienced Product specialist with 1.7 years working with Wireframing, User Research, Agile, Product Strategy, SaaS."
CAND-0904,Analytics,6.5,"{""PowerBI"": 81, ""Statistics"": 76, ""Data Modeling"": 78, ""Python"": 74, ""Machine Learning"": 79}","{""Tableau"": 88, ""SQL"": 89, ""Data Modeling"": 88, ""Statistics"": 77, ""Python"": 89}",3,53.1,152000,55.1,Group_C,"Experienced Analytics specialist with 6.5 years working with PowerBI, Statistics, Data Modeling, Python, Machine Learning."
CAND-0905,Infrastructure,9.1,"{""Terraform"": 93, ""Python"": 95, ""Prometheus"": 70, ""CI/CD"": 69, ""Kubernetes"": 74}","{""AWS"": 89, ""Linux"": 85, ""Docker"": 76}",0,45.0,167000,47.4,Group_C,"Experienced Infrastructure specialist with 9.1 years working with Terraform, Python, Prometheus, CI/CD, Kubernetes."
CAND-0906,Engineering,4.5,"{""React"": 63, ""GraphQL"": 71, ""JavaScript"": 67}","{""React"": 86, ""GraphQL"": 81, ""AWS"": 76, ""JavaScript"": 79}",3,64.8,142000,66.3,Group_C,"Experienced Engineering specialist with 4.5 years working with React, GraphQL, JavaScript."
CAND-0907,Infrastructure,7.6,"{""CI/CD"": 62, ""Kubernetes"": 79, ""Docker"": 77, ""Ansible"": 96}","{""Python"": 89, ""Linux"": 77, ""Kubernetes"": 88, ""Docker"": 71}",2,53.4,160000,52.0,Group_C,"Experienced Infrastructure specialist with 7.6 years working with CI/CD, Kubernetes, Docker, Ansible."
CAND-0908,Engineering,2.9,"{""TypeScript"": 85, ""GraphQL"": 82, ""AWS"": 93}","{""Docker"": 80, ""System Design"": 90, ""TypeScript"": 85, ""JavaScript"": 70, ""Python"": 87}",1,45.0,123000,49.2,Group_A,"Experienced Engineering specialist with 2.9 years working with TypeScript, GraphQL, AWS."
CAND-0909,Analytics,9.5,"{""Tableau"": 95, ""Statistics"": 79, ""Data Modeling"": 72}","{""Statistics"": 77, ""Tableau"": 72, ""PowerBI"": 72, ""Machine Learning"": 77}",2,57.0,174000,57.7,Group_A,"Experienced Analytics specialist with 9.5 years working with Tableau, Statistics, Data Modeling."
CAND-0910,Product,5.2,"{""Roadmapping"": 68, ""Scrum"": 62, ""Wireframing"": 75, ""Product Strategy"": 72}","{""Wireframing"": 83, ""SaaS"": 76, ""Product Strategy"": 90, ""Scrum"": 73}",3,59.6,145000,58.2,Group_D,"Experienced Product specialist with 5.2 years working with Roadmapping, Scrum, Wireframing, Product Strategy."
CAND-0911,Analytics,6.8,"{""Data Modeling"": 69, ""Machine Learning"": 96, ""SQL"": 77, ""Statistics"": 84, ""Tableau"": 97, ""Python"": 63}","{""Data Modeling"": 90, ""Statistics"": 85, ""SQL"": 84}",3,88.0,168000,83.3,Group_C,"Experienced Analytics specialist with 6.8 years working with Data Modeling, Machine Learning, SQL, Statistics, Tableau, Python."
CAND-0912,Product,14.9,"{""Roadmapping"": 74, ""Scrum"": 94, ""SaaS"": 83, ""Agile"": 63, ""Product Strategy"": 70}","{""Analytics"": 80, ""Roadmapping"": 75, ""Scrum"": 84}",2,74.0,219000,74.5,Group_B,"Experienced Product specialist with 14.9 years working with Roadmapping, Scrum, SaaS, Agile, Product Strategy."
CAND-0913,Product,3.8,"{""Roadmapping"": 68, ""Agile"": 81, ""Product Strategy"": 85, ""Scrum"": 96}","{""Roadmapping"": 77, ""Product Strategy"": 70, ""Agile"": 77}",3,77.0,142000,75.3,Group_D,"Experienced Product specialist with 3.8 years working with Roadmapping, Agile, Product Strategy, Scrum."
CAND-0914,Engineering,11.3,"{""System Design"": 60, ""GraphQL"": 88, ""AWS"": 87}","{""GraphQL"": 77, ""AWS"": 71, ""PostgreSQL"": 75}",2,64.5,190000,63.6,Group_A,"Experienced Engineering specialist with 11.3 years working with System Design, GraphQL, AWS."
CAND-0915,Engineering,14.2,"{""TypeScript"": 91, ""PostgreSQL"": 70, ""Python"": 75, ""System Design"": 61}","{""Python"": 74, ""JavaScript"": 87, ""React"": 79}",1,46.9,203000,50.8,Group_A,"Experienced Engineering specialist with 14.2 years working with TypeScript, PostgreSQL, Python, System Design."
CAND-0916,Engineering,7.4,"{""JavaScript"": 83, ""Docker"": 63, ""Python"": 88, ""React"": 86}","{""PostgreSQL"": 85, ""GraphQL"": 90, ""Node.js"": 90, ""System Design"": 85}",0,45.0,155000,45.0,Group_A,"Experienced Engineering specialist with 7.4 years working with JavaScript, Docker, Python, React."
CAND-0917,Analytics,12.0,"{""Tableau"": 94, ""SQL"": 74, ""PowerBI"": 94, ""Data Modeling"": 88}","{""Data Modeling"": 90, ""Statistics"": 74, ""PowerBI"": 80}",2,67.7,196000,69.9,Group_B,"Experienced Analytics specialist with 12.0 years working with Tableau, SQL, PowerBI, Data Modeling."
CAND-0918,Product,5.4,"{""User Research"": 94, ""Roadmapping"": 78, ""Scrum"": 76}","{""SaaS"": 84, ""Product Strategy"": 88, ""Roadmapping"": 72, ""Scrum"": 75, ""Analytics"": 73}",2,45.0,141000,43.9,Group_A,"Experienced Product specialist with 5.4 years working with User Research, Roadmapping, Scrum."
CAND-0919,Engineering,8.4,"{""TypeScript"": 63, ""AWS"": 64, ""System Design"": 89}","{""GraphQL"": 90, ""Python"": 77, ""React"": 89}",0,45.0,162000,44.0,Group_C,"Experienced Engineering specialist with 8.4 years working with TypeScript, AWS, System Design."
CAND-0920,Infrastructure,3.5,"{""Docker"": 69, ""Ansible"": 91, ""Kubernetes"": 84, ""Prometheus"": 76, ""AWS"": 75}","{""Prometheus"": 75, ""Ansible"": 70, ""Docker"": 81}",3,83.2,143000,79.4,Group_A,"Experienced Infrastructure specialist with 3.5 years working with Docker, Ansible, Kubernetes, Prometheus, AWS."
CAND-0921,Design,3.5,"{""HTML/CSS"": 72, ""User Research"": 60, ""Design Systems"": 94, ""Prototyping"": 72, ""Figma"": 72}","{""User Research"": 79, ""Wireframing"": 86, ""Prototyping"": 86, ""Figma"": 85}",3,62.3,134000,62.8,Group_C,"Experienced Design specialist with 3.5 years working with HTML/CSS, User Research, Design Systems, Prototyping, Figma."
CAND-0922,Engineering,4.8,"{""JavaScript"": 84, ""React"": 92, ""AWS"": 82}","{""Docker"": 84, ""AWS"": 85, ""TypeScript"": 78}",1,45.0,137000,48.8,Group_D,"Experienced Engineering specialist with 4.8 years working with JavaScript, React, AWS."
CAND-0923,Design,9.9,"{""UI/UX"": 74, ""Design Systems"": 77, ""User Research"": 71, ""Prototyping"": 88}","{""Prototyping"": 81, ""User Research"": 88, ""UI/UX"": 74, ""Design Systems"": 70}",4,87.4,189000,87.7,Group_C,"Experienced Design specialist with 9.9 years working with UI/UX, Design Systems, User Research, Prototyping."
CAND-0924,Analytics,2.2,"{""SQL"": 69, ""Statistics"": 97, ""Tableau"": 78, ""Python"": 67}","{""Tableau"": 71, ""PowerBI"": 74, ""Python"": 88}",2,52.8,122000,55.1,Group_D,"Experienced Analytics specialist with 2.2 years working with SQL, Statistics, Tableau, Python."
CAND-0925,Product,7.1,"{""SaaS"": 71, ""User Research"": 62, ""Roadmapping"": 87, ""Product Strategy"": 84, ""Wireframing"": 64, ""Scrum"": 81}","{""Analytics"": 73, ""Wireframing"": 76, ""Scrum"": 76, ""Agile"": 73, ""SaaS"": 77}",3,58.0,158000,59.9,Group_A,"Experienced Product specialist with 7.1 years working with SaaS, User Research, Roadmapping, Product Strategy, Wireframing, Scrum."
CAND-0926,Engineering,4.8,"{""JavaScript"": 69, ""Node.js"": 66, ""PostgreSQL"": 71, ""GraphQL"": 64}","{""Python"": 81, ""PostgreSQL"": 87, ""Node.js"": 74, ""AWS"": 83}",2,46.8,137000,48.3,Group_D,"Experienced Engineering specialist with 4.8 years working with JavaScript, Node.js, PostgreSQL, GraphQL."
CAND-0927,Infrastructure,13.5,"{""Docker"": 95, ""AWS"": 94, ""CI/CD"": 63}","{""Python"": 70, ""Prometheus"": 71, ""Linux"": 82, ""Docker"": 75}",1,45.0,198000,46.4,Group_D,"Experienced Infrastructure specialist with 13.5 years working with Docker, AWS, CI/CD."
CAND-0928,Design,9.9,"{""UI/UX"": 85, ""User Research"": 78, ""Design Systems"": 85, ""HTML/CSS"": 79, ""Prototyping"": 67, ""Wireframing"": 98}","{""HTML/CSS"": 75, ""UI/UX"": 73, ""Wireframing"": 89, ""User Research"": 74}",4,90.3,190000,87.7,Group_B,"Experienced Design specialist with 9.9 years working with UI/UX, User Research, Design Systems, HTML/CSS, Prototyping, Wireframing."
CAND-0929,Product,2.1,"{""Agile"": 62, ""SaaS"": 78, ""User Research"": 70, ""Wireframing"": 76}","{""Roadmapping"": 86, ""Scrum"": 88, ""Agile"": 73, ""SaaS"": 72, ""Wireframing"": 85}",3,53.4,121000,53.8,Group_D,"Experienced Product specialist with 2.1 years working with Agile, SaaS, User Research, Wireframing."
CAND-0930,Analytics,9.5,"{""Machine Learning"": 70, ""Statistics"": 92, ""Data Modeling"": 72, ""SQL"": 67, ""Tableau"": 95}","{""SQL"": 83, ""Python"": 83, ""PowerBI"": 70}",1,45.0,170000,47.9,Group_A,"Experienced Analytics specialist with 9.5 years working with Machine Learning, Statistics, Data Modeling, SQL, Tableau."
CAND-0931,Engineering,1.1,"{""JavaScript"": 94, ""PostgreSQL"": 85, ""AWS"": 72, ""Node.js"": 66}","{""AWS"": 75, ""React"": 78, ""Docker"": 77}",1,45.0,111000,48.8,Group_A,"Experienced Engineering specialist with 1.1 years working with JavaScript, PostgreSQL, AWS, Node.js."
CAND-0932,Infrastructure,8.7,"{""Linux"": 63, ""CI/CD"": 63, ""AWS"": 88, ""Python"": 85}","{""Linux"": 77, ""CI/CD"": 77, ""Prometheus"": 75, ""Terraform"": 87, ""AWS"": 76}",3,62.4,171000,62.4,Group_D,"Experienced Infrastructure specialist with 8.7 years working with Linux, CI/CD, AWS, Python."
CAND-0933,Product,4.0,"{""Scrum"": 67, ""User Research"": 94, ""Agile"": 85, ""Analytics"": 71, ""SaaS"": 85, ""Roadmapping"": 89}","{""Roadmapping"": 79, ""Wireframing"": 73, ""Analytics"": 70}",2,61.7,138000,59.9,Group_B,"Experienced Product specialist with 4.0 years working with Scrum, User Research, Agile, Analytics, SaaS, Roadmapping."
CAND-0934,Product,13.6,"{""Product Strategy"": 74, ""User Research"": 82, ""Analytics"": 71, ""Scrum"": 89}","{""Product Strategy"": 82, ""Analytics"": 85, ""Roadmapping"": 85, ""SaaS"": 82, ""Agile"": 73}",2,52.6,201000,52.9,Group_C,"Experienced Product specialist with 13.6 years working with Product Strategy, User Research, Analytics, Scrum."
CAND-0935,Analytics,3.3,"{""Data Modeling"": 75, ""Statistics"": 64, ""Tableau"": 68}","{""Machine Learning"": 84, ""PowerBI"": 86, ""Statistics"": 73, ""SQL"": 81}",1,45.0,126000,45.9,Group_B,"Experienced Analytics specialist with 3.3 years working with Data Modeling, Statistics, Tableau."
CAND-0936,Analytics,10.7,"{""Statistics"": 69, ""PowerBI"": 85, ""Python"": 84, ""SQL"": 83, ""Tableau"": 85}","{""PowerBI"": 73, ""Python"": 74, ""Machine Learning"": 80, ""Tableau"": 84, ""Data Modeling"": 76}",3,59.3,184000,59.6,Group_B,"Experienced Analytics specialist with 10.7 years working with Statistics, PowerBI, Python, SQL, Tableau."
CAND-0937,Infrastructure,5.6,"{""Linux"": 68, ""Kubernetes"": 97, ""Prometheus"": 98, ""Terraform"": 61, ""CI/CD"": 88}","{""Ansible"": 83, ""CI/CD"": 83, ""Linux"": 88, ""Python"": 79}",2,45.0,142000,46.0,Group_D,"Experienced Infrastructure specialist with 5.6 years working with Linux, Kubernetes, Prometheus, Terraform, CI/CD."
CAND-0938,Design,1.3,"{""Design Systems"": 79, ""Wireframing"": 91, ""Prototyping"": 76}","{""User Research"": 78, ""HTML/CSS"": 72, ""Design Systems"": 86, ""Wireframing"": 76, ""UI/UX"": 89}",2,45.0,112000,48.5,Group_A,"Experienced Design specialist with 1.3 years working with Design Systems, Wireframing, Prototyping."
CAND-0939,Design,7.5,"{""Wireframing"": 85, ""Prototyping"": 97, ""Design Systems"": 94, ""User Research"": 94, ""Figma"": 66}","{""User Research"": 78, ""Design Systems"": 79, ""HTML/CSS"": 80, ""Figma"": 70}",3,70.4,166000,67.8,Group_D,"Experienced Design specialist with 7.5 years working with Wireframing, Prototyping, Design Systems, User Research, Figma."
CAND-0940,Engineering,5.6,"{""Node.js"": 68, ""React"": 89, ""JavaScript"": 62, ""TypeScript"": 85}","{""Python"": 87, ""PostgreSQL"": 75, ""React"": 78, ""GraphQL"": 87}",1,45.0,142000,45.6,Group_A,"Experienced Engineering specialist with 5.6 years working with Node.js, React, JavaScript, TypeScript."
CAND-0941,Product,1.0,"{""Agile"": 94, ""SaaS"": 95, ""Roadmapping"": 75, ""Scrum"": 98}","{""Wireframing"": 83, ""SaaS"": 77, ""User Research"": 70, ""Agile"": 74, ""Scrum"": 84}",3,51.2,112000,54.6,Group_A,"Experienced Product specialist with 1.0 years working with Agile, SaaS, Roadmapping, Scrum."
CAND-0942,Engineering,4.0,"{""System Design"": 82, ""Docker"": 73, ""Node.js"": 61, ""Python"": 82, ""PostgreSQL"": 84}","{""Node.js"": 88, ""PostgreSQL"": 76, ""Python"": 84, ""System Design"": 87}",4,82.0,146000,82.8,Group_C,"Experienced Engineering specialist with 4.0 years working with System Design, Docker, Node.js, Python, PostgreSQL."
CAND-0943,Design,7.3,"{""Design Systems"": 67, ""Prototyping"": 93, ""Figma"": 90}","{""Prototyping"": 70, ""HTML/CSS"": 73, ""Figma"": 90}",2,63.9,162000,63.4,Group_A,"Experienced Design specialist with 7.3 years working with Design Systems, Prototyping, Figma."
CAND-0944,Engineering,4.2,"{""Python"": 62, ""Docker"": 85, ""JavaScript"": 90, ""PostgreSQL"": 77, ""System Design"": 81}","{""PostgreSQL"": 79, ""System Design"": 71, ""AWS"": 82, ""Node.js"": 74}",2,48.5,134000,47.4,Group_C,"Experienced Engineering specialist with 4.2 years working with Python, Docker, JavaScript, PostgreSQL, System Design."
CAND-0945,Infrastructure,9.6,"{""Ansible"": 71, ""CI/CD"": 67, ""Prometheus"": 98, ""Terraform"": 60, ""Docker"": 81, ""Python"": 75}","{""Python"": 70, ""Ansible"": 78, ""Linux"": 85}",2,62.5,177000,64.9,Group_C,"Experienced Infrastructure specialist with 9.6 years working with Ansible, CI/CD, Prometheus, Terraform, Docker, Python."
CAND-0946,Analytics,5.0,"{""Tableau"": 70, ""Machine Learning"": 66, ""Python"": 74, ""PowerBI"": 94, ""Statistics"": 74}","{""SQL"": 79, ""PowerBI"": 80, ""Data Modeling"": 81, ""Python"": 76}",2,45.0,138000,47.6,Group_A,"Experienced Analytics specialist with 5.0 years working with Tableau, Machine Learning, Python, PowerBI, Statistics."
CAND-0947,Engineering,11.4,"{""JavaScript"": 75, ""Docker"": 69, ""Node.js"": 89, ""System Design"": 91, ""React"": 70, ""TypeScript"": 87}","{""PostgreSQL"": 81, ""Docker"": 87, ""TypeScript"": 80, ""Python"": 80}",2,55.7,187000,54.3,Group_C,"Experienced Engineering specialist with 11.4 years working with JavaScript, Docker, Node.js, System Design, React, TypeScript."
CAND-0948,Product,10.5,"{""SaaS"": 67, ""User Research"": 92, ""Wireframing"": 80, ""Agile"": 91, ""Roadmapping"": 83}","{""Product Strategy"": 71, ""Roadmapping"": 86, ""Agile"": 90, ""User Research"": 71, ""SaaS"": 81}",4,73.1,188000,69.8,Group_D,"Experienced Product specialist with 10.5 years working with SaaS, User Research, Wireframing, Agile, Roadmapping."
CAND-0949,Design,5.3,"{""UI/UX"": 88, ""User Research"": 93, ""Wireframing"": 78, ""HTML/CSS"": 67, ""Figma"": 89, ""Design Systems"": 67}","{""Design Systems"": 76, ""User Research"": 78, ""Wireframing"": 79, ""Prototyping"": 89}",3,61.6,147000,60.7,Group_D,"Experienced Design specialist with 5.3 years working with UI/UX, User Research, Wireframing, HTML/CSS, Figma, Design Systems."
CAND-0950,Analytics,8.5,"{""Python"": 86, ""SQL"": 65, ""Machine Learning"": 64, ""Data Modeling"": 72}","{""Data Modeling"": 89, ""Statistics"": 75, ""Machine Learning"": 83}",2,67.4,171000,67.1,Group_B,"Experienced Analytics specialist with 8.5 years working with Python, SQL, Machine Learning, Data Modeling."
CAND-0951,Analytics,2.0,"{""PowerBI"": 60, ""Machine Learning"": 78, ""Data Modeling"": 95, ""Python"": 87}","{""Tableau"": 80, ""Statistics"": 75, ""SQL"": 73}",0,45.0,117000,45.2,Group_C,"Experienced Analytics specialist with 2.0 years working with PowerBI, Machine Learning, Data Modeling, Python."
CAND-0952,Product,14.0,"{""Wireframing"": 66, ""Scrum"": 92, ""Analytics"": 96, ""Agile"": 66}","{""Scrum"": 79, ""User Research"": 78, ""Roadmapping"": 82, ""Product Strategy"": 85}",1,45.0,201000,46.3,Group_D,"Experienced Product specialist with 14.0 years working with Wireframing, Scrum, Analytics, Agile."
CAND-0953,Product,9.3,"{""Product Strategy"": 97, ""SaaS"": 98, ""Wireframing"": 96, ""User Research"": 76, ""Roadmapping"": 84, ""Agile"": 87}","{""User Research"": 88, ""Agile"": 88, ""Analytics"": 70, ""Wireframing"": 71}",3,66.0,176000,65.9,Group_C,"Experienced Product specialist with 9.3 years working with Product Strategy, SaaS, Wireframing, User Research, Roadmapping, Agile."
CAND-0954,Design,4.2,"{""Design Systems"": 70, ""UI/UX"": 66, ""User Research"": 65}","{""Design Systems"": 75, ""Prototyping"": 90, ""Wireframing"": 79, ""User Research"": 82, ""UI/UX"": 78}",3,55.0,136000,55.7,Group_C,"Experienced Design specialist with 4.2 years working with Design Systems, UI/UX, User Research."
CAND-0955,Analytics,11.5,"{""Machine Learning"": 91, ""Tableau"": 81, ""PowerBI"": 96, ""Python"": 82, ""Statistics"": 93, ""Data Modeling"": 68}","{""Statistics"": 74, ""SQL"": 72, ""Machine Learning"": 84, ""Data Modeling"": 88, ""PowerBI"": 84}",4,78.6,197000,78.0,Group_A,"Experienced Analytics specialist with 11.5 years working with Machine Learning, Tableau, PowerBI, Python, Statistics, Data Modeling."
CAND-0956,Product,5.2,"{""Wireframing"": 81, ""Agile"": 97, ""Roadmapping"": 93, ""Scrum"": 79}","{""User Research"": 76, ""Scrum"": 83, ""Agile"": 85, ""SaaS"": 75}",2,47.2,140000,47.8,Group_A,"Experienced Product specialist with 5.2 years working with Wireframing, Agile, Roadmapping, Scrum."
CAND-0957,Engineering,3.6,"{""React"": 87, ""TypeScript"": 94, ""AWS"": 67, ""System Design"": 65}","{""TypeScript"": 88, ""GraphQL"": 70, ""Node.js"": 70, ""JavaScript"": 89, ""System Design"": 88}",2,45.0,128000,44.4,Group_A,"Experienced Engineering specialist with 3.6 years working with React, TypeScript, AWS, System Design."
CAND-0958,Design,7.6,"{""User Research"": 95, ""Wireframing"": 87, ""UI/UX"": 87}","{""UI/UX"": 80, ""Wireframing"": 86, ""User Research"": 87, ""Figma"": 70, ""Design Systems"": 84}",3,61.7,163000,58.8,Group_C,"Experienced Design specialist with 7.6 years working with User Research, Wireframing, UI/UX."
CAND-0959,Product,2.8,"{""Agile"": 75, ""User Research"": 97, ""Scrum"": 65, ""Wireframing"": 60, ""Analytics"": 75, ""SaaS"": 94}","{""Wireframing"": 90, ""SaaS"": 80, ""Product Strategy"": 81}",2,51.6,125000,53.8,Group_A,"Experienced Product specialist with 2.8 years working with Agile, User Research, Scrum, Wireframing, Analytics, SaaS."
CAND-0960,Analytics,1.8,"{""Data Modeling"": 78, ""Machine Learning"": 80, ""SQL"": 63, ""Statistics"": 68, ""PowerBI"": 79}","{""Statistics"": 82, ""PowerBI"": 72, ""Python"": 80}",2,58.4,121000,60.5,Group_D,"Experienced Analytics specialist with 1.8 years working with Data Modeling, Machine Learning, SQL, Statistics, PowerBI."
CAND-0961,Product,6.3,"{""SaaS"": 98, ""Roadmapping"": 85, ""Agile"": 96, ""Product Strategy"": 75, ""Wireframing"": 73, ""Scrum"": 82}","{""Agile"": 90, ""User Research"": 80, ""Wireframing"": 87}",2,58.3,152000,60.9,Group_D,"Experienced Product specialist with 6.3 years working with SaaS, Roadmapping, Agile, Product Strategy, Wireframing, Scrum."
CAND-0962,Engineering,6.1,"{""GraphQL"": 84, ""TypeScript"": 84, ""Node.js"": 75, ""AWS"": 97, ""JavaScript"": 91}","{""JavaScript"": 73, ""AWS"": 82, ""PostgreSQL"": 79, ""System Design"": 77, ""React"": 82}",2,45.7,146000,47.7,Group_B,"Experienced Engineering specialist with 6.1 years working with GraphQL, TypeScript, Node.js, AWS, JavaScript."
CAND-0963,Analytics,13.8,"{""PowerBI"": 84, ""Python"": 86, ""Data Modeling"": 60, ""SQL"": 81, ""Machine Learning"": 75, ""Statistics"": 78}","{""Machine Learning"": 78, ""SQL"": 78, ""PowerBI"": 72}",3,96.6,220000,95.0,Group_A,"Experienced Analytics specialist with 13.8 years working with PowerBI, Python, Data Modeling, SQL, Machine Learning, Statistics."
CAND-0964,Engineering,13.5,"{""AWS"": 86, ""TypeScript"": 76, ""Docker"": 62, ""Python"": 83, ""GraphQL"": 67, ""JavaScript"": 62}","{""PostgreSQL"": 74, ""Docker"": 85, ""React"": 76}",1,45.0,198000,44.3,Group_D,"Experienced Engineering specialist with 13.5 years working with AWS, TypeScript, Docker, Python, GraphQL, JavaScript."
CAND-0965,Product,6.9,"{""Analytics"": 77, ""User Research"": 89, ""SaaS"": 67}","{""Roadmapping"": 88, ""Analytics"": 83, ""SaaS"": 88, ""Product Strategy"": 71, ""Agile"": 83}",2,45.0,151000,45.0,Group_A,"Experienced Product specialist with 6.9 years working with Analytics, User Research, SaaS."
CAND-0966,Analytics,3.4,"{""Machine Learning"": 82, ""Data Modeling"": 67, ""PowerBI"": 75, ""Tableau"": 81, ""Python"": 94}","{""PowerBI"": 78, ""Python"": 76, ""Data Modeling"": 70, ""SQL"": 90, ""Statistics"": 83}",3,54.6,131000,58.0,Group_A,"Experienced Analytics specialist with 3.4 years working with Machine Learning, Data Modeling, PowerBI, Tableau, Python."
CAND-0967,Engineering,11.6,"{""React"": 92, ""TypeScript"": 93, ""Python"": 64, ""Node.js"": 92, ""GraphQL"": 91}","{""PostgreSQL"": 90, ""GraphQL"": 81, ""Docker"": 86}",1,45.0,184000,44.8,Group_D,"Experienced Engineering specialist with 11.6 years working with React, TypeScript, Python, Node.js, GraphQL."
CAND-0968,Infrastructure,11.7,"{""Kubernetes"": 67, ""Python"": 82, ""Prometheus"": 72, ""Docker"": 92, ""Linux"": 86, ""Ansible"": 61}","{""Prometheus"": 74, ""CI/CD"": 81, ""Terraform"": 78}",1,46.8,186000,50.9,Group_C,"Experienced Infrastructure specialist with 11.7 years working with Kubernetes, Python, Prometheus, Docker, Linux, Ansible."
CAND-0969,Engineering,10.2,"{""TypeScript"": 82, ""Node.js"": 88, ""React"": 89, ""AWS"": 68}","{""Python"": 70, ""Docker"": 71, ""Node.js"": 85}",1,45.0,174000,48.4,Group_C,"Experienced Engineering specialist with 10.2 years working with TypeScript, Node.js, React, AWS."
CAND-0970,Engineering,8.9,"{""Python"": 95, ""AWS"": 64, ""TypeScript"": 63, ""System Design"": 90}","{""Docker"": 74, ""Python"": 78, ""Node.js"": 87, ""AWS"": 84, ""GraphQL"": 70}",2,45.7,166000,48.5,Group_D,"Experienced Engineering specialist with 8.9 years working with Python, AWS, TypeScript, System Design."
CAND-0971,Product,11.4,"{""Scrum"": 65, ""Product Strategy"": 91, ""Wireframing"": 79, ""User Research"": 69, ""SaaS"": 71}","{""Agile"": 75, ""SaaS"": 83, ""User Research"": 73, ""Product Strategy"": 73}",3,73.0,194000,72.9,Group_A,"Experienced Product specialist with 11.4 years working with Scrum, Product Strategy, Wireframing, User Research, SaaS."
CAND-0972,Product,5.3,"{""Product Strategy"": 60, ""User Research"": 69, ""Roadmapping"": 94, ""Wireframing"": 85, ""Agile"": 88, ""Analytics"": 70}","{""SaaS"": 71, ""Scrum"": 89, ""Agile"": 80}",1,45.0,140000,44.8,Group_D,"Experienced Product specialist with 5.3 years working with Product Strategy, User Research, Roadmapping, Wireframing, Agile, Analytics."
CAND-0973,Product,2.0,"{""Roadmapping"": 60, ""Wireframing"": 81, ""Analytics"": 89, ""User Research"": 90, ""Agile"": 98}","{""Agile"": 77, ""Wireframing"": 74, ""Scrum"": 80, ""Roadmapping"": 88}",3,64.8,125000,61.8,Group_D,"Experienced Product specialist with 2.0 years working with Roadmapping, Wireframing, Analytics, User Research, Agile."
CAND-0974,Product,9.6,"{""Roadmapping"": 88, ""Scrum"": 70, ""Agile"": 70}","{""Product Strategy"": 82, ""Wireframing"": 88, ""Analytics"": 71}",0,45.0,170000,46.2,Group_A,"Experienced Product specialist with 9.6 years working with Roadmapping, Scrum, Agile."
CAND-0975,Design,7.9,"{""Figma"": 77, ""Wireframing"": 86, ""User Research"": 67, ""Design Systems"": 91}","{""Design Systems"": 72, ""UI/UX"": 85, ""Wireframing"": 70}",2,61.7,165000,60.6,Group_D,"Experienced Design specialist with 7.9 years working with Figma, Wireframing, User Research, Design Systems."
CAND-0976,Engineering,14.8,"{""TypeScript"": 68, ""Python"": 71, ""PostgreSQL"": 83, ""System Design"": 69}","{""System Design"": 80, ""React"": 75, ""JavaScript"": 76}",1,52.2,209000,51.6,Group_A,"Experienced Engineering specialist with 14.8 years working with TypeScript, Python, PostgreSQL, System Design."
CAND-0977,Product,14.4,"{""Analytics"": 88, ""SaaS"": 90, ""User Research"": 71}","{""Agile"": 83, ""Product Strategy"": 90, ""User Research"": 90, ""Scrum"": 81}",1,45.0,204000,44.7,Group_B,"Experienced Product specialist with 14.4 years working with Analytics, SaaS, User Research."
CAND-0978,Design,6.7,"{""Design Systems"": 77, ""User Research"": 82, ""Wireframing"": 82, ""Figma"": 97, ""HTML/CSS"": 94, ""Prototyping"": 82}","{""Prototyping"": 73, ""Figma"": 73, ""UI/UX"": 88}",2,62.3,157000,61.2,Group_A,"Experienced Design specialist with 6.7 years working with Design Systems, User Research, Wireframing, Figma, HTML/CSS, Prototyping."
CAND-0979,Product,12.3,"{""Analytics"": 90, ""User Research"": 95, ""Wireframing"": 87, ""Scrum"": 92, ""Roadmapping"": 86, ""Product Strategy"": 68}","{""Wireframing"": 70, ""Roadmapping"": 86, ""Agile"": 86}",2,65.8,197000,65.3,Group_A,"Experienced Product specialist with 12.3 years working with Analytics, User Research, Wireframing, Scrum, Roadmapping, Product Strategy."
CAND-0980,Analytics,11.5,"{""Data Modeling"": 96, ""Statistics"": 62, ""Machine Learning"": 91, ""SQL"": 78, ""Tableau"": 96, ""PowerBI"": 68}","{""PowerBI"": 71, ""Tableau"": 82, ""SQL"": 88}",3,92.7,203000,91.9,Group_B,"Experienced Analytics specialist with 11.5 years working with Data Modeling, Statistics, Machine Learning, SQL, Tableau, PowerBI."
CAND-0981,Design,9.5,"{""Wireframing"": 77, ""UI/UX"": 94, ""User Research"": 77, ""HTML/CSS"": 92}","{""User Research"": 73, ""Prototyping"": 77, ""Figma"": 88, ""UI/UX"": 86}",2,51.8,172000,51.3,Group_B,"Experienced Design specialist with 9.5 years working with Wireframing, UI/UX, User Research, HTML/CSS."
CAND-0982,Product,11.0,"{""SaaS"": 72, ""Agile"": 91, ""Product Strategy"": 69}","{""User Research"": 76, ""SaaS"": 76, ""Agile"": 70}",2,61.9,187000,59.1,Group_D,"Experienced Product specialist with 11.0 years working with SaaS, Agile, Product Strategy."
CAND-0983,Product,12.1,"{""Wireframing"": 93, ""Product Strategy"": 93, ""Analytics"": 96, ""Agile"": 96, ""User Research"": 65, ""Roadmapping"": 67}","{""Product Strategy"": 88, ""Roadmapping"": 72, ""Agile"": 82, ""User Research"": 88}",4,93.7,207000,92.0,Group_B,"Experienced Product specialist with 12.1 years working with Wireframing, Product Strategy, Analytics, Agile, User Research, Roadmapping."
CAND-0984,Product,10.6,"{""Wireframing"": 96, ""User Research"": 89, ""Analytics"": 62, ""Scrum"": 84}","{""User Research"": 72, ""SaaS"": 87, ""Analytics"": 83}",2,65.6,185000,63.9,Group_B,"Experienced Product specialist with 10.6 years working with Wireframing, User Research, Analytics, Scrum."
CAND-0985,Engineering,1.7,"{""TypeScript"": 75, ""Docker"": 88, ""System Design"": 65, ""React"": 66, ""GraphQL"": 93}","{""AWS"": 78, ""Node.js"": 80, ""Docker"": 86}",1,45.0,115000,46.8,Group_C,"Experienced Engineering specialist with 1.7 years working with TypeScript, Docker, System Design, React, GraphQL."
CAND-0986,Product,14.6,"{""Analytics"": 64, ""Scrum"": 83, ""User Research"": 73, ""Agile"": 80}","{""Analytics"": 70, ""Roadmapping"": 84, ""Scrum"": 80}",2,69.9,215000,69.8,Group_C,"Experienced Product specialist with 14.6 years working with Analytics, Scrum, User Research, Agile."
CAND-0987,Infrastructure,9.1,"{""Linux"": 66, ""Prometheus"": 63, ""Terraform"": 95, ""Docker"": 68, ""Kubernetes"": 77}","{""Kubernetes"": 86, ""CI/CD"": 74, ""AWS"": 74, ""Python"": 90, ""Prometheus"": 77}",2,45.3,167000,47.3,Group_C,"Experienced Infrastructure specialist with 9.1 years working with Linux, Prometheus, Terraform, Docker, Kubernetes."
CAND-0988,Engineering,3.1,"{""JavaScript"": 76, ""React"": 80, ""AWS"": 68, ""Python"": 89, ""PostgreSQL"": 74, ""TypeScript"": 82}","{""TypeScript"": 81, ""System Design"": 84, ""Python"": 70, ""Node.js"": 70, ""PostgreSQL"": 79}",3,47.0,126000,49.0,Group_B,"Experienced Engineering specialist with 3.1 years working with JavaScript, React, AWS, Python, PostgreSQL, TypeScript."
CAND-0989,Analytics,10.8,"{""Machine Learning"": 64, ""SQL"": 71, ""PowerBI"": 80}","{""Machine Learning"": 73, ""SQL"": 71, ""Tableau"": 71, ""PowerBI"": 84}",3,72.9,190000,70.4,Group_C,"Experienced Analytics specialist with 10.8 years working with Machine Learning, SQL, PowerBI."
CAND-0990,Design,6.7,"{""Figma"": 75, ""UI/UX"": 93, ""Design Systems"": 69}","{""Figma"": 76, ""Wireframing"": 74, ""HTML/CSS"": 88, ""UI/UX"": 90}",2,48.2,151000,48.4,Group_B,"Experienced Design specialist with 6.7 years working with Figma, UI/UX, Design Systems."
CAND-0991,Engineering,10.2,"{""PostgreSQL"": 87, ""AWS"": 87, ""React"": 80, ""TypeScript"": 74, ""Docker"": 76}","{""System Design"": 75, ""React"": 74, ""Python"": 84, ""AWS"": 83}",2,58.5,180000,60.9,Group_C,"Experienced Engineering specialist with 10.2 years working with PostgreSQL, AWS, React, TypeScript, Docker."
CAND-0992,Design,12.6,"{""Figma"": 81, ""Design Systems"": 75, ""Wireframing"": 60}","{""Prototyping"": 85, ""HTML/CSS"": 74, ""UI/UX"": 78, ""User Research"": 77}",0,45.0,191000,49.2,Group_A,"Experienced Design specialist with 12.6 years working with Figma, Design Systems, Wireframing."
CAND-0993,Design,15.0,"{""UI/UX"": 89, ""User Research"": 71, ""Figma"": 85, ""Wireframing"": 88}","{""Design Systems"": 82, ""Prototyping"": 81, ""HTML/CSS"": 82}",0,45.0,208000,48.5,Group_C,"Experienced Design specialist with 15.0 years working with UI/UX, User Research, Figma, Wireframing."
CAND-0994,Engineering,14.4,"{""System Design"": 78, ""PostgreSQL"": 90, ""GraphQL"": 89, ""Python"": 65, ""JavaScript"": 70, ""Docker"": 97}","{""TypeScript"": 71, ""AWS"": 83, ""React"": 73}",0,45.0,204000,45.2,Group_D,"Experienced Engineering specialist with 14.4 years working with System Design, PostgreSQL, GraphQL, Python, JavaScript, Docker."
CAND-0995,Infrastructure,14.6,"{""Terraform"": 73, ""AWS"": 79, ""Linux"": 63, ""CI/CD"": 79}","{""Linux"": 74, ""Prometheus"": 72, ""Python"": 80, ""Docker"": 90, ""Kubernetes"": 83}",1,45.0,205000,47.0,Group_C,"Experienced Infrastructure specialist with 14.6 years working with Terraform, AWS, Linux, CI/CD."
CAND-0996,Product,6.0,"{""Agile"": 78, ""Roadmapping"": 65, ""User Research"": 67, ""SaaS"": 66}","{""Wireframing"": 86, ""Scrum"": 74, ""Product Strategy"": 84, ""Analytics"": 77, ""Agile"": 70}",1,45.0,145000,46.0,Group_C,"Experienced Product specialist with 6.0 years working with Agile, Roadmapping, User Research, SaaS."
CAND-0997,Product,5.7,"{""SaaS"": 97, ""User Research"": 86, ""Agile"": 94, ""Analytics"": 61, ""Wireframing"": 85}","{""Analytics"": 73, ""Scrum"": 73, ""Agile"": 71, ""SaaS"": 75}",3,61.0,149000,63.0,Group_C,"Experienced Product specialist with 5.7 years working with SaaS, User Research, Agile, Analytics, Wireframing."
CAND-0998,Infrastructure,3.7,"{""Docker"": 85, ""CI/CD"": 63, ""Prometheus"": 79, ""Kubernetes"": 93, ""AWS"": 87}","{""Terraform"": 73, ""Ansible"": 90, ""Docker"": 86}",1,45.0,129000,49.3,Group_B,"Experienced Infrastructure specialist with 3.7 years working with Docker, CI/CD, Prometheus, Kubernetes, AWS."
CAND-0999,Product,1.9,"{""Product Strategy"": 97, ""Analytics"": 98, ""Roadmapping"": 63, ""Scrum"": 65}","{""Analytics"": 76, ""Agile"": 79, ""Scrum"": 85}",2,57.3,121000,56.2,Group_D,"Experienced Product specialist with 1.9 years working with Product Strategy, Analytics, Roadmapping, Scrum."
CAND-1000,Engineering,9.3,"{""PostgreSQL"": 84, ""System Design"": 69, ""React"": 82, ""Docker"": 63, ""AWS"": 92, ""GraphQL"": 76}","{""Docker"": 86, ""Python"": 80, ""GraphQL"": 81}",2,68.3,177000,68.6,Group_A,"Experienced Engineering specialist with 9.3 years working with PostgreSQL, System Design, React, Docker, AWS, GraphQL."
